Anth.id,Database,Crop,Crop_Water,Database_Water,orderData,SEV_cond,orderBox,Anth
47,Mallorca,Almond,Almond_Irrigated,Mallorca_Irrigated,A-M,4-H,0,0.011
132,Mallorca,Almond,Almond_Rainfed,Mallorca_Rainfed,A-M,7-TP-Xf,0,0.07
133,Mallorca,Almond,Almond_Rainfed,Mallorca_Rainfed,A-M,7-TP-Xf,0,0.064
134,Mallorca,Almond,Almond_Rainfed,Mallorca_Rainfed,A-M,7-TP-Xf,0,0.043
135,Mallorca,Almond,Almond_Rainfed,Mallorca_Rainfed,A-M,7-TP-Xf,0,0.002
136,Mallorca,Almond,Almond_Rainfed,Mallorca_Rainfed,A-M,7-TP-Xf,0,0.091
137,Mallorca,Almond,Almond_Rainfed,Mallorca_Rainfed,A-M,7-TP-Xf,0,0.062
138,Mallorca,Almond,Almond_Rainfed,Mallorca_Rainfed,A-M,7-TP-Xf,0,0.012
139,Mallorca,Almond,Almond_Rainfed,Mallorca_Rainfed,A-M,7-TP-Xf,0,0.04
140,Mallorca,Almond,Almond_Rainfed,Mallorca_Rainfed,A-M,7-TP-Xf,0,0.163
141,Mallorca,Almond,Almond_Rainfed,Mallorca_Rainfed,A-M,7-TP-Xf,0,0.036
143,Mallorca,Almond,Almond_Rainfed,Mallorca_Rainfed,A-M,7-TP-Xf,0,0.007
145,Mallorca,Almond,Almond_Rainfed,Mallorca_Rainfed,A-M,7-TP-Xf,0,0.061
146,Mallorca,Almond,Almond_Rainfed,Mallorca_Rainfed,A-M,7-TP-Xf,0,0.034
227,Mallorca,Almond,Almond_Irrigated,Mallorca_Irrigated,A-M,7-TP-Xf,0,0.02
228,Mallorca,Almond,Almond_Irrigated,Mallorca_Irrigated,A-M,7-TP-Xf,0,0.147
229,Mallorca,Almond,Almond_Irrigated,Mallorca_Irrigated,A-M,7-TP-Xf,0,0.039
230,Mallorca,Almond,Almond_Irrigated,Mallorca_Irrigated,A-M,7-TP-Xf,0,0.208
231,Mallorca,Almond,Almond_Irrigated,Mallorca_Irrigated,A-M,7-TP-Xf,0,0.001
232,Mallorca,Almond,Almond_Irrigated,Mallorca_Irrigated,A-M,7-TP-Xf,0,0.021
233,Mallorca,Almond,Almond_Irrigated,Mallorca_Irrigated,A-M,7-TP-Xf,0,0.05
237,Mallorca,Almond,Almond_Irrigated,Mallorca_Irrigated,A-M,7-TP-Xf,0,0.208
238,Mallorca,Almond,Almond_Irrigated,Mallorca_Irrigated,A-M,7-TP-Xf,0,0.035
239,Mallorca,Almond,Almond_Irrigated,Mallorca_Irrigated,A-M,7-TP-Xf,0,0.198
241,Mallorca,Almond,Almond_Irrigated,Mallorca_Irrigated,A-M,7-TP-Xf,0,0.001
244,Mallorca,Almond,Almond_Irrigated,Mallorca_Irrigated,A-M,7-TP-Xf,0,0.007
245,Mallorca,Almond,Almond_Irrigated,Mallorca_Irrigated,A-M,7-TP-Xf,0,0.047
246,Mallorca,Almond,Almond_Irrigated,Mallorca_Irrigated,A-M,7-TP-Xf,0,0.043
247,Mallorca,Almond,Almond_Irrigated,Mallorca_Irrigated,A-M,7-TP-Xf,0,0.033
248,Mallorca,Almond,Almond_Rainfed,Mallorca_Rainfed,A-M,7-TP-Xf,0,0.07
249,Mallorca,Almond,Almond_Rainfed,Mallorca_Rainfed,A-M,7-TP-Xf,0,0.202
250,Mallorca,Almond,Almond_Rainfed,Mallorca_Rainfed,A-M,7-TP-Xf,0,0.037
251,Mallorca,Almond,Almond_Rainfed,Mallorca_Rainfed,A-M,7-TP-Xf,0,0.043
252,Mallorca,Almond,Almond_Rainfed,Mallorca_Rainfed,A-M,7-TP-Xf,0,0.036
253,Mallorca,Almond,Almond_Rainfed,Mallorca_Rainfed,A-M,7-TP-Xf,0,0.074
256,Mallorca,Almond,Almond_Rainfed,Mallorca_Rainfed,A-M,7-TP-Xf,0,0.189
257,Mallorca,Almond,Almond_Rainfed,Mallorca_Rainfed,A-M,7-TP-Xf,0,0.105
258,Mallorca,Almond,Almond_Rainfed,Mallorca_Rainfed,A-M,7-TP-Xf,0,0.14
260,Mallorca,Almond,Almond_Rainfed,Mallorca_Rainfed,A-M,7-TP-Xf,0,0.132
261,Mallorca,Almond,Almond_Rainfed,Mallorca_Rainfed,A-M,7-TP-Xf,0,0.183
262,Mallorca,Almond,Almond_Rainfed,Mallorca_Rainfed,A-M,7-TP-Xf,0,0.011
263,Mallorca,Almond,Almond_Rainfed,Mallorca_Rainfed,A-M,7-TP-Xf,0,0.066
319,Mallorca,Almond,Almond_Irrigated,Mallorca_Irrigated,A-M,4-H,0,0.042
356,Mallorca,Almond,Almond_Rainfed,Mallorca_Rainfed,A-M,7-TP-Xf,0,0.085
357,Mallorca,Almond,Almond_Rainfed,Mallorca_Rainfed,A-M,7-TP-Xf,0,0.074
359,Mallorca,Almond,Almond_Rainfed,Mallorca_Rainfed,A-M,7-TP-Xf,0,0.011
361,Mallorca,Almond,Almond_Rainfed,Mallorca_Rainfed,A-M,7-TP-Xf,0,0.058
362,Mallorca,Almond,Almond_Rainfed,Mallorca_Rainfed,A-M,7-TP-Xf,0,0.009
363,Mallorca,Almond,Almond_Rainfed,Mallorca_Rainfed,A-M,7-TP-Xf,0,0.054
364,Mallorca,Almond,Almond_Rainfed,Mallorca_Rainfed,A-M,7-TP-Xf,0,0.062
365,Mallorca,Almond,Almond_Rainfed,Mallorca_Rainfed,A-M,7-TP-Xf,0,0.051
366,Mallorca,Almond,Almond_Rainfed,Mallorca_Rainfed,A-M,7-TP-Xf,0,0.056
367,Mallorca,Almond,Almond_Rainfed,Mallorca_Rainfed,A-M,7-TP-Xf,0,0.066
368,Mallorca,Almond,Almond_Rainfed,Mallorca_Rainfed,A-M,7-TP-Xf,0,0.12
369,Mallorca,Almond,Almond_Rainfed,Mallorca_Rainfed,A-M,7-TP-Xf,0,0.065
370,Mallorca,Almond,Almond_Rainfed,Mallorca_Rainfed,A-M,7-TP-Xf,0,0.092
390,Mallorca,Almond,Almond_Rainfed,Mallorca_Rainfed,A-M,7-TP-Xf,0,0.027
391,Mallorca,Almond,Almond_Rainfed,Mallorca_Rainfed,A-M,7-TP-Xf,0,0.021
393,Mallorca,Almond,Almond_Rainfed,Mallorca_Rainfed,A-M,7-TP-Xf,0,0.007
394,Mallorca,Almond,Almond_Rainfed,Mallorca_Rainfed,A-M,7-TP-Xf,0,0.135
399,Mallorca,Almond,Almond_Rainfed,Mallorca_Rainfed,A-M,7-TP-Xf,0,0.037
402,Mallorca,Almond,Almond_Rainfed,Mallorca_Rainfed,A-M,7-TP-Xf,0,0.036
422,Mallorca,Almond,Almond_Rainfed,Mallorca_Rainfed,A-M,4-H,0,0.009
423,Mallorca,Almond,Almond_Rainfed,Mallorca_Rainfed,A-M,4-H,0,0.054
425,Mallorca,Almond,Almond_Rainfed,Mallorca_Rainfed,A-M,4-H,0,0.03
426,Mallorca,Almond,Almond_Rainfed,Mallorca_Rainfed,A-M,4-H,0,0.005
427,Mallorca,Almond,Almond_Rainfed,Mallorca_Rainfed,A-M,4-H,0,0.042
428,Mallorca,Almond,Almond_Rainfed,Mallorca_Rainfed,A-M,4-H,0,0.019
429,Mallorca,Almond,Almond_Rainfed,Mallorca_Rainfed,A-M,4-H,0,0.014
430,Mallorca,Almond,Almond_Rainfed,Mallorca_Rainfed,A-M,4-H,0,0.056
431,Mallorca,Almond,Almond_Rainfed,Mallorca_Rainfed,A-M,4-H,0,0.019
432,Mallorca,Almond,Almond_Rainfed,Mallorca_Rainfed,A-M,4-H,0,0.043
433,Mallorca,Almond,Almond_Rainfed,Mallorca_Rainfed,A-M,4-H,0,0.042
434,Mallorca,Almond,Almond_Rainfed,Mallorca_Rainfed,A-M,4-H,0,0.028
438,Mallorca,Almond,Almond_Irrigated,Mallorca_Irrigated,A-M,7-TP-Xf,0,0.006
439,Mallorca,Almond,Almond_Irrigated,Mallorca_Irrigated,A-M,7-TP-Xf,0,0.043
443,Mallorca,Almond,Almond_Irrigated,Mallorca_Irrigated,A-M,7-TP-Xf,0,0.017
444,Mallorca,Almond,Almond_Irrigated,Mallorca_Irrigated,A-M,7-TP-Xf,0,0.07
445,Mallorca,Almond,Almond_Irrigated,Mallorca_Irrigated,A-M,7-TP-Xf,0,0.07
446,Mallorca,Almond,Almond_Irrigated,Mallorca_Irrigated,A-M,7-TP-Xf,0,0.011
447,Mallorca,Almond,Almond_Irrigated,Mallorca_Irrigated,A-M,7-TP-Xf,0,0.036
449,Mallorca,Almond,Almond_Irrigated,Mallorca_Irrigated,A-M,7-TP-Xf,0,0.026
481,Mallorca,Almond,Almond_Rainfed,Mallorca_Rainfed,A-M,7-TP-Xf,0,0.013
482,Mallorca,Almond,Almond_Rainfed,Mallorca_Rainfed,A-M,7-TP-Xf,0,0.019
483,Mallorca,Almond,Almond_Rainfed,Mallorca_Rainfed,A-M,7-TP-Xf,0,0.033
487,Mallorca,Almond,Almond_Rainfed,Mallorca_Rainfed,A-M,7-TP-Xf,0,0.007
492,Mallorca,Almond,Almond_Rainfed,Mallorca_Rainfed,A-M,7-TP-Xf,0,0.025
494,Mallorca,Almond,Almond_Rainfed,Mallorca_Rainfed,A-M,7-TP-Xf,0,0.024
561,Mallorca,Almond,Almond_Irrigated,Mallorca_Irrigated,A-M,7-TP-Xf,0,0.042
563,Mallorca,Almond,Almond_Irrigated,Mallorca_Irrigated,A-M,7-TP-Xf,0,0.09
565,Mallorca,Almond,Almond_Irrigated,Mallorca_Irrigated,A-M,7-TP-Xf,0,0.013
566,Mallorca,Almond,Almond_Irrigated,Mallorca_Irrigated,A-M,7-TP-Xf,0,0.066
568,Mallorca,Almond,Almond_Irrigated,Mallorca_Irrigated,A-M,7-TP-Xf,0,0.011
571,Mallorca,Almond,Almond_Irrigated,Mallorca_Irrigated,A-M,7-TP-Xf,0,0.005
573,Mallorca,Almond,Almond_Irrigated,Mallorca_Irrigated,A-M,7-TP-Xf,0,0.038
575,Mallorca,Almond,Almond_Irrigated,Mallorca_Irrigated,A-M,7-TP-Xf,0,0.094
577,Mallorca,Almond,Almond_Irrigated,Mallorca_Irrigated,A-M,7-TP-Xf,0,0.012
579,Mallorca,Almond,Almond_Rainfed,Mallorca_Rainfed,A-M,7-TP-Xf,0,0.101
580,Mallorca,Almond,Almond_Rainfed,Mallorca_Rainfed,A-M,7-TP-Xf,0,0.134
581,Mallorca,Almond,Almond_Rainfed,Mallorca_Rainfed,A-M,7-TP-Xf,0,0.093
583,Mallorca,Almond,Almond_Rainfed,Mallorca_Rainfed,A-M,7-TP-Xf,0,0.083
584,Mallorca,Almond,Almond_Rainfed,Mallorca_Rainfed,A-M,7-TP-Xf,0,0.09
586,Mallorca,Almond,Almond_Rainfed,Mallorca_Rainfed,A-M,7-TP-Xf,0,0.03
587,Mallorca,Almond,Almond_Rainfed,Mallorca_Rainfed,A-M,7-TP-Xf,0,0.046
588,Mallorca,Almond,Almond_Rainfed,Mallorca_Rainfed,A-M,7-TP-Xf,0,0.167
589,Mallorca,Almond,Almond_Rainfed,Mallorca_Rainfed,A-M,7-TP-Xf,0,0.107
590,Mallorca,Almond,Almond_Rainfed,Mallorca_Rainfed,A-M,7-TP-Xf,0,0.169
591,Mallorca,Almond,Almond_Rainfed,Mallorca_Rainfed,A-M,7-TP-Xf,0,0.049
592,Mallorca,Almond,Almond_Rainfed,Mallorca_Rainfed,A-M,7-TP-Xf,0,0.007
593,Mallorca,Almond,Almond_Rainfed,Mallorca_Rainfed,A-M,7-TP-Xf,0,0.046
594,Mallorca,Almond,Almond_Rainfed,Mallorca_Rainfed,A-M,7-TP-Xf,0,0.056
595,Mallorca,Almond,Almond_Irrigated,Mallorca_Irrigated,A-M,7-TP-Xf,0,0.105
596,Mallorca,Almond,Almond_Irrigated,Mallorca_Irrigated,A-M,7-TP-Xf,0,0.233
597,Mallorca,Almond,Almond_Irrigated,Mallorca_Irrigated,A-M,7-TP-Xf,0,0.22
599,Mallorca,Almond,Almond_Irrigated,Mallorca_Irrigated,A-M,7-TP-Xf,0,0.02
600,Mallorca,Almond,Almond_Irrigated,Mallorca_Irrigated,A-M,7-TP-Xf,0,0.197
601,Mallorca,Almond,Almond_Irrigated,Mallorca_Irrigated,A-M,7-TP-Xf,0,0.02
602,Mallorca,Almond,Almond_Irrigated,Mallorca_Irrigated,A-M,7-TP-Xf,0,0.071
605,Mallorca,Almond,Almond_Irrigated,Mallorca_Irrigated,A-M,7-TP-Xf,0,0.048
622,Mallorca,Almond,Almond_Rainfed,Mallorca_Rainfed,A-M,7-TP-Xf,0,0.176
623,Mallorca,Almond,Almond_Rainfed,Mallorca_Rainfed,A-M,7-TP-Xf,0,0.139
625,Mallorca,Almond,Almond_Rainfed,Mallorca_Rainfed,A-M,7-TP-Xf,0,0.122
626,Mallorca,Almond,Almond_Rainfed,Mallorca_Rainfed,A-M,7-TP-Xf,0,0.122
628,Mallorca,Almond,Almond_Rainfed,Mallorca_Rainfed,A-M,7-TP-Xf,0,0.051
629,Mallorca,Almond,Almond_Rainfed,Mallorca_Rainfed,A-M,7-TP-Xf,0,0.145
630,Mallorca,Almond,Almond_Rainfed,Mallorca_Rainfed,A-M,7-TP-Xf,0,0.116
631,Mallorca,Almond,Almond_Rainfed,Mallorca_Rainfed,A-M,7-TP-Xf,0,0.042
633,Mallorca,Almond,Almond_Rainfed,Mallorca_Rainfed,A-M,7-TP-Xf,0,0.136
779,Mallorca,Almond,Almond_Irrigated,Mallorca_Irrigated,A-M,7-TP-Xf,0,0.172
780,Mallorca,Almond,Almond_Irrigated,Mallorca_Irrigated,A-M,7-TP-Xf,0,0.097
782,Mallorca,Almond,Almond_Irrigated,Mallorca_Irrigated,A-M,7-TP-Xf,0,0.011
784,Mallorca,Almond,Almond_Irrigated,Mallorca_Irrigated,A-M,7-TP-Xf,0,0.014
787,Mallorca,Almond,Almond_Irrigated,Mallorca_Irrigated,A-M,7-TP-Xf,0,0.057
789,Mallorca,Almond,Almond_Irrigated,Mallorca_Irrigated,A-M,7-TP-Xf,0,0.04
793,Mallorca,Almond,Almond_Irrigated,Mallorca_Irrigated,A-M,7-TP-Xf,0,0.08
794,Mallorca,Almond,Almond_Rainfed,Mallorca_Rainfed,A-M,7-TP-Xf,0,0.006
797,Mallorca,Almond,Almond_Rainfed,Mallorca_Rainfed,A-M,7-TP-Xf,0,0.052
798,Mallorca,Almond,Almond_Rainfed,Mallorca_Rainfed,A-M,7-TP-Xf,0,0.051
799,Mallorca,Almond,Almond_Rainfed,Mallorca_Rainfed,A-M,7-TP-Xf,0,0.046
800,Mallorca,Almond,Almond_Rainfed,Mallorca_Rainfed,A-M,7-TP-Xf,0,0.007
801,Mallorca,Almond,Almond_Rainfed,Mallorca_Rainfed,A-M,7-TP-Xf,0,0.109
804,Mallorca,Almond,Almond_Rainfed,Mallorca_Rainfed,A-M,7-TP-Xf,0,0.107
805,Mallorca,Almond,Almond_Rainfed,Mallorca_Rainfed,A-M,7-TP-Xf,0,0.044
809,Mallorca,Almond,Almond_Rainfed,Mallorca_Rainfed,A-M,7-TP-Xf,0,0.042
810,Mallorca,Almond,Almond_Rainfed,Mallorca_Rainfed,A-M,7-TP-Xf,0,0.01
860,Mallorca,Almond,Almond_Irrigated,Mallorca_Irrigated,A-M,7-TP-Xf,0,0.16
862,Mallorca,Almond,Almond_Irrigated,Mallorca_Irrigated,A-M,7-TP-Xf,0,0.052
863,Mallorca,Almond,Almond_Irrigated,Mallorca_Irrigated,A-M,7-TP-Xf,0,0.036
864,Mallorca,Almond,Almond_Irrigated,Mallorca_Irrigated,A-M,7-TP-Xf,0,0.003
882,Mallorca,Almond,Almond_Rainfed,Mallorca_Rainfed,A-M,7-TP-Xf,0,0.113
883,Mallorca,Almond,Almond_Rainfed,Mallorca_Rainfed,A-M,7-TP-Xf,0,0.078
884,Mallorca,Almond,Almond_Rainfed,Mallorca_Rainfed,A-M,7-TP-Xf,0,0.078
885,Mallorca,Almond,Almond_Rainfed,Mallorca_Rainfed,A-M,7-TP-Xf,0,0.027
886,Mallorca,Almond,Almond_Rainfed,Mallorca_Rainfed,A-M,7-TP-Xf,0,0.058
887,Mallorca,Almond,Almond_Rainfed,Mallorca_Rainfed,A-M,7-TP-Xf,0,0.034
888,Mallorca,Almond,Almond_Rainfed,Mallorca_Rainfed,A-M,7-TP-Xf,0,0.154
889,Mallorca,Almond,Almond_Rainfed,Mallorca_Rainfed,A-M,7-TP-Xf,0,0.067
890,Mallorca,Almond,Almond_Rainfed,Mallorca_Rainfed,A-M,7-TP-Xf,0,0.058
891,Mallorca,Almond,Almond_Rainfed,Mallorca_Rainfed,A-M,7-TP-Xf,0,0.107
892,Mallorca,Almond,Almond_Rainfed,Mallorca_Rainfed,A-M,7-TP-Xf,0,0.103
893,Mallorca,Almond,Almond_Rainfed,Mallorca_Rainfed,A-M,7-TP-Xf,0,0.107
894,Mallorca,Almond,Almond_Rainfed,Mallorca_Rainfed,A-M,7-TP-Xf,0,0.031
896,Mallorca,Almond,Almond_Rainfed,Mallorca_Rainfed,A-M,7-TP-Xf,0,0.037
897,Mallorca,Almond,Almond_Rainfed,Mallorca_Rainfed,A-M,7-TP-Xf,0,0.069
925,Mallorca,Almond,Almond_Irrigated,Mallorca_Irrigated,A-M,7-TP-Xf,0,0.107
931,Mallorca,Almond,Almond_Irrigated,Mallorca_Irrigated,A-M,7-TP-Xf,0,0.031
932,Mallorca,Almond,Almond_Irrigated,Mallorca_Irrigated,A-M,7-TP-Xf,0,0.074
933,Mallorca,Almond,Almond_Irrigated,Mallorca_Irrigated,A-M,7-TP-Xf,0,0.062
934,Mallorca,Almond,Almond_Irrigated,Mallorca_Irrigated,A-M,7-TP-Xf,0,0.02
935,Mallorca,Almond,Almond_Irrigated,Mallorca_Irrigated,A-M,7-TP-Xf,0,0.066
936,Mallorca,Almond,Almond_Irrigated,Mallorca_Irrigated,A-M,7-TP-Xf,0,0.066
938,Mallorca,Almond,Almond_Irrigated,Mallorca_Irrigated,A-M,7-TP-Xf,0,0.014
939,Mallorca,Almond,Almond_Irrigated,Mallorca_Irrigated,A-M,7-TP-Xf,0,0.165
940,Mallorca,Almond,Almond_Irrigated,Mallorca_Irrigated,A-M,7-TP-Xf,0,0.05
941,Mallorca,Almond,Almond_Irrigated,Mallorca_Irrigated,A-M,7-TP-Xf,0,0.006
943,Mallorca,Almond,Almond_Irrigated,Mallorca_Irrigated,A-M,7-TP-Xf,0,0.061
945,Mallorca,Almond,Almond_Irrigated,Mallorca_Irrigated,A-M,7-TP-Xf,0,0.105
947,Mallorca,Almond,Almond_Irrigated,Mallorca_Irrigated,A-M,7-TP-Xf,0,0.042
949,Mallorca,Almond,Almond_Rainfed,Mallorca_Rainfed,A-M,7-TP-Xf,0,0.165
951,Mallorca,Almond,Almond_Rainfed,Mallorca_Rainfed,A-M,7-TP-Xf,0,0.054
954,Mallorca,Almond,Almond_Rainfed,Mallorca_Rainfed,A-M,7-TP-Xf,0,0.084
955,Mallorca,Almond,Almond_Rainfed,Mallorca_Rainfed,A-M,7-TP-Xf,0,0.102
956,Mallorca,Almond,Almond_Rainfed,Mallorca_Rainfed,A-M,7-TP-Xf,0,0.071
957,Mallorca,Almond,Almond_Rainfed,Mallorca_Rainfed,A-M,7-TP-Xf,0,0.18
962,Mallorca,Almond,Almond_Rainfed,Mallorca_Rainfed,A-M,7-TP-Xf,0,0.07
964,Mallorca,Almond,Almond_Rainfed,Mallorca_Rainfed,A-M,7-TP-Xf,0,0.001
965,Mallorca,Almond,Almond_Rainfed,Mallorca_Rainfed,A-M,7-TP-Xf,0,0.078
979,Mallorca,Almond,Almond_Rainfed,Mallorca_Rainfed,A-M,4-H,0,0.002
980,Mallorca,Almond,Almond_Rainfed,Mallorca_Rainfed,A-M,4-H,0,0.061
981,Mallorca,Almond,Almond_Rainfed,Mallorca_Rainfed,A-M,4-H,0,0.012
982,Mallorca,Almond,Almond_Rainfed,Mallorca_Rainfed,A-M,4-H,0,0.003
1066,Mallorca,Almond,Almond_Rainfed,Mallorca_Rainfed,A-M,7-TP-Xf,0,0.044
1093,Mallorca,Almond,Almond_Rainfed,Mallorca_Rainfed,A-M,7-TP-Xf,0,0.106
1094,Mallorca,Almond,Almond_Rainfed,Mallorca_Rainfed,A-M,7-TP-Xf,0,0.113
1095,Mallorca,Almond,Almond_Rainfed,Mallorca_Rainfed,A-M,7-TP-Xf,0,0.099
1096,Mallorca,Almond,Almond_Rainfed,Mallorca_Rainfed,A-M,7-TP-Xf,0,0.056
1097,Mallorca,Almond,Almond_Rainfed,Mallorca_Rainfed,A-M,7-TP-Xf,0,0.175
1098,Mallorca,Almond,Almond_Rainfed,Mallorca_Rainfed,A-M,7-TP-Xf,0,0.13
1099,Mallorca,Almond,Almond_Rainfed,Mallorca_Rainfed,A-M,7-TP-Xf,0,0.244
1100,Mallorca,Almond,Almond_Rainfed,Mallorca_Rainfed,A-M,7-TP-Xf,0,0.066
1101,Mallorca,Almond,Almond_Rainfed,Mallorca_Rainfed,A-M,7-TP-Xf,0,0.127
1102,Mallorca,Almond,Almond_Rainfed,Mallorca_Rainfed,A-M,7-TP-Xf,0,0.066
1103,Mallorca,Almond,Almond_Rainfed,Mallorca_Rainfed,A-M,7-TP-Xf,0,0.166
1104,Mallorca,Almond,Almond_Rainfed,Mallorca_Rainfed,A-M,7-TP-Xf,0,0.046
1105,Mallorca,Almond,Almond_Rainfed,Mallorca_Rainfed,A-M,7-TP-Xf,0,0.009
1106,Mallorca,Almond,Almond_Rainfed,Mallorca_Rainfed,A-M,7-TP-Xf,0,0.077
1108,Mallorca,Almond,Almond_Rainfed,Mallorca_Rainfed,A-M,7-TP-Xf,0,0.145
1109,Mallorca,Almond,Almond_Rainfed,Mallorca_Rainfed,A-M,7-TP-Xf,0,0.128
1139,Mallorca,Almond,Almond_Irrigated,Mallorca_Irrigated,A-M,7-TP-Xf,0,0.054
1140,Mallorca,Almond,Almond_Irrigated,Mallorca_Irrigated,A-M,7-TP-Xf,0,0.057
1145,Mallorca,Almond,Almond_Irrigated,Mallorca_Irrigated,A-M,7-TP-Xf,0,0.037
1147,Mallorca,Almond,Almond_Irrigated,Mallorca_Irrigated,A-M,7-TP-Xf,0,0.012
1148,Mallorca,Almond,Almond_Irrigated,Mallorca_Irrigated,A-M,7-TP-Xf,0,0.027
1149,Mallorca,Almond,Almond_Irrigated,Mallorca_Irrigated,A-M,7-TP-Xf,0,0.054
1154,Mallorca,Almond,Almond_Irrigated,Mallorca_Irrigated,A-M,7-TP-Xf,0,0.057
1157,Mallorca,Almond,Almond_Irrigated,Mallorca_Irrigated,A-M,7-TP-Xf,0,0.044
1158,Mallorca,Almond,Almond_Irrigated,Mallorca_Irrigated,A-M,7-TP-Xf,0,0.038
1161,Mallorca,Almond,Almond_Irrigated,Mallorca_Irrigated,A-M,7-TP-Xf,0,0.037
1164,Mallorca,Almond,Almond_Irrigated,Mallorca_Irrigated,A-M,7-TP-Xf,0,0.086
1165,Mallorca,Almond,Almond_Irrigated,Mallorca_Irrigated,A-M,7-TP-Xf,0,0.022
1172,Mallorca,Almond,Almond_Irrigated,Mallorca_Irrigated,A-M,7-TP-Xf,0,0.066
1174,Mallorca,Almond,Almond_Irrigated,Mallorca_Irrigated,A-M,7-TP-Xf,0,0.013
1175,Mallorca,Almond,Almond_Irrigated,Mallorca_Irrigated,A-M,7-TP-Xf,0,0.093
1176,Mallorca,Almond,Almond_Irrigated,Mallorca_Irrigated,A-M,7-TP-Xf,0,0.041
1212,Mallorca,Almond,Almond_Irrigated,Mallorca_Irrigated,A-M,7-TP-Xf,0,0.197
1216,Mallorca,Almond,Almond_Irrigated,Mallorca_Irrigated,A-M,7-TP-Xf,0,0.128
1217,Mallorca,Almond,Almond_Irrigated,Mallorca_Irrigated,A-M,7-TP-Xf,0,0.154
1218,Mallorca,Almond,Almond_Irrigated,Mallorca_Irrigated,A-M,7-TP-Xf,0,0.238
1219,Mallorca,Almond,Almond_Irrigated,Mallorca_Irrigated,A-M,7-TP-Xf,0,0.037
1220,Mallorca,Almond,Almond_Irrigated,Mallorca_Irrigated,A-M,7-TP-Xf,0,0.057
1221,Mallorca,Almond,Almond_Irrigated,Mallorca_Irrigated,A-M,7-TP-Xf,0,0.127
1225,Mallorca,Almond,Almond_Irrigated,Mallorca_Irrigated,A-M,7-TP-Xf,0,0.193
1227,Mallorca,Almond,Almond_Irrigated,Mallorca_Irrigated,A-M,7-TP-Xf,0,0.163
1228,Mallorca,Almond,Almond_Irrigated,Mallorca_Irrigated,A-M,7-TP-Xf,0,0.017
1230,Mallorca,Almond,Almond_Irrigated,Mallorca_Irrigated,A-M,4-H,0,0.007
1267,Mallorca,Almond,Almond_Rainfed,Mallorca_Rainfed,A-M,4-H,0,0.007
1268,Mallorca,Almond,Almond_Rainfed,Mallorca_Rainfed,A-M,4-H,0,0.021
1270,Mallorca,Almond,Almond_Rainfed,Mallorca_Rainfed,A-M,4-H,0,0.048
1272,Mallorca,Almond,Almond_Rainfed,Mallorca_Rainfed,A-M,4-H,0,0.004
1274,Mallorca,Almond,Almond_Rainfed,Mallorca_Rainfed,A-M,4-H,0,0.012
1279,Mallorca,Almond,Almond_Rainfed,Mallorca_Rainfed,A-M,4-H,0,0.036
1280,Mallorca,Almond,Almond_Rainfed,Mallorca_Rainfed,A-M,4-H,0,0.052
1294,Mallorca,Almond,Almond_Rainfed,Mallorca_Rainfed,A-M,7-TP-Xf,0,0.112
1295,Mallorca,Almond,Almond_Rainfed,Mallorca_Rainfed,A-M,7-TP-Xf,0,0.109
1298,Mallorca,Almond,Almond_Rainfed,Mallorca_Rainfed,A-M,7-TP-Xf,0,0.002
1302,Mallorca,Almond,Almond_Rainfed,Mallorca_Rainfed,A-M,7-TP-Xf,0,0.033
1304,Mallorca,Almond,Almond_Rainfed,Mallorca_Rainfed,A-M,7-TP-Xf,0,0.013
1324,Mallorca,Almond,Almond_Irrigated,Mallorca_Irrigated,A-M,7-TP-Xf,0,0.114
1326,Mallorca,Almond,Almond_Irrigated,Mallorca_Irrigated,A-M,7-TP-Xf,0,0.097
1329,Mallorca,Almond,Almond_Irrigated,Mallorca_Irrigated,A-M,7-TP-Xf,0,0.01
1330,Mallorca,Almond,Almond_Irrigated,Mallorca_Irrigated,A-M,7-TP-Xf,0,0.128
1331,Mallorca,Almond,Almond_Irrigated,Mallorca_Irrigated,A-M,7-TP-Xf,0,0.051
1332,Mallorca,Almond,Almond_Irrigated,Mallorca_Irrigated,A-M,7-TP-Xf,0,0.024
1333,Mallorca,Almond,Almond_Irrigated,Mallorca_Irrigated,A-M,7-TP-Xf,0,0.033
1350,Mallorca,Almond,Almond_Irrigated,Mallorca_Irrigated,A-M,7-TP-Xf,0,0.001
1351,Mallorca,Almond,Almond_Irrigated,Mallorca_Irrigated,A-M,7-TP-Xf,0,0.033
1352,Mallorca,Almond,Almond_Irrigated,Mallorca_Irrigated,A-M,7-TP-Xf,0,0.007
1353,Mallorca,Almond,Almond_Irrigated,Mallorca_Irrigated,A-M,7-TP-Xf,0,0.017
1354,Mallorca,Almond,Almond_Irrigated,Mallorca_Irrigated,A-M,7-TP-Xf,0,0.061
1356,Mallorca,Almond,Almond_Irrigated,Mallorca_Irrigated,A-M,7-TP-Xf,0,0.013
1362,Mallorca,Almond,Almond_Irrigated,Mallorca_Irrigated,A-M,7-TP-Xf,0,0.026
1363,Mallorca,Almond,Almond_Irrigated,Mallorca_Irrigated,A-M,7-TP-Xf,0,0.044
1364,Mallorca,Almond,Almond_Irrigated,Mallorca_Irrigated,A-M,7-TP-Xf,0,0.167
1385,Mallorca,Almond,Almond_Rainfed,Mallorca_Rainfed,A-M,7-TP-Xf,0,0.036
1386,Mallorca,Almond,Almond_Rainfed,Mallorca_Rainfed,A-M,7-TP-Xf,0,0.339
1389,Mallorca,Almond,Almond_Rainfed,Mallorca_Rainfed,A-M,7-TP-Xf,0,0.047
1391,Mallorca,Almond,Almond_Rainfed,Mallorca_Rainfed,A-M,7-TP-Xf,0,0.089
1393,Mallorca,Almond,Almond_Rainfed,Mallorca_Rainfed,A-M,7-TP-Xf,0,0.053
1395,Mallorca,Almond,Almond_Rainfed,Mallorca_Rainfed,A-M,7-TP-Xf,0,0.048
1424,Mallorca,Almond,Almond_Irrigated,Mallorca_Irrigated,A-M,4-H,0,0.015
1430,Mallorca,Almond,Almond_Irrigated,Mallorca_Irrigated,A-M,4-H,0,0.006
1480,Mallorca,Almond,Almond_Irrigated,Mallorca_Irrigated,A-M,4-H,0,0.021
1535,Mallorca,Almond,Almond_Irrigated,Mallorca_Irrigated,A-M,4-H,0,0.005
1565,Mallorca,Almond,Almond_Rainfed,Mallorca_Rainfed,A-M,7-TP-Xf,0,0.056
1566,Mallorca,Almond,Almond_Rainfed,Mallorca_Rainfed,A-M,7-TP-Xf,0,0.051
1568,Mallorca,Almond,Almond_Rainfed,Mallorca_Rainfed,A-M,7-TP-Xf,0,0.049
1569,Mallorca,Almond,Almond_Rainfed,Mallorca_Rainfed,A-M,7-TP-Xf,0,0.01
1571,Mallorca,Almond,Almond_Rainfed,Mallorca_Rainfed,A-M,7-TP-Xf,0,0.018
1572,Mallorca,Almond,Almond_Rainfed,Mallorca_Rainfed,A-M,7-TP-Xf,0,0.032
1573,Mallorca,Almond,Almond_Rainfed,Mallorca_Rainfed,A-M,7-TP-Xf,0,0.079
1574,Mallorca,Almond,Almond_Rainfed,Mallorca_Rainfed,A-M,7-TP-Xf,0,0.036
1576,Mallorca,Almond,Almond_Rainfed,Mallorca_Rainfed,A-M,7-TP-Xf,0,0.052
1577,Mallorca,Almond,Almond_Rainfed,Mallorca_Rainfed,A-M,7-TP-Xf,0,0.039
1578,Mallorca,Almond,Almond_Rainfed,Mallorca_Rainfed,A-M,7-TP-Xf,0,0.096
1579,Mallorca,Almond,Almond_Irrigated,Mallorca_Irrigated,A-M,7-TP-Xf,0,0.052
1580,Mallorca,Almond,Almond_Irrigated,Mallorca_Irrigated,A-M,7-TP-Xf,0,0.069
1581,Mallorca,Almond,Almond_Irrigated,Mallorca_Irrigated,A-M,7-TP-Xf,0,0.015
1583,Mallorca,Almond,Almond_Irrigated,Mallorca_Irrigated,A-M,7-TP-Xf,0,0.059
1585,Mallorca,Almond,Almond_Irrigated,Mallorca_Irrigated,A-M,7-TP-Xf,0,0.059
1588,Mallorca,Almond,Almond_Irrigated,Mallorca_Irrigated,A-M,7-TP-Xf,0,0.024
1590,Mallorca,Almond,Almond_Irrigated,Mallorca_Irrigated,A-M,7-TP-Xf,0,0.125
1591,Mallorca,Almond,Almond_Irrigated,Mallorca_Irrigated,A-M,7-TP-Xf,0,0.032
1592,Mallorca,Almond,Almond_Irrigated,Mallorca_Irrigated,A-M,7-TP-Xf,0,0.044
1636,Mallorca,Almond,Almond_Irrigated,Mallorca_Irrigated,A-M,4-H,0,0.032
1637,Mallorca,Almond,Almond_Irrigated,Mallorca_Irrigated,A-M,4-H,0,0.079
1639,Mallorca,Almond,Almond_Irrigated,Mallorca_Irrigated,A-M,4-H,0,0.097
1640,Mallorca,Almond,Almond_Irrigated,Mallorca_Irrigated,A-M,4-H,0,0.104
1642,Mallorca,Almond,Almond_Irrigated,Mallorca_Irrigated,A-M,4-H,0,0.022
1643,Mallorca,Almond,Almond_Irrigated,Mallorca_Irrigated,A-M,4-H,0,0.012
1644,Mallorca,Almond,Almond_Irrigated,Mallorca_Irrigated,A-M,4-H,0,0.041
1646,Mallorca,Almond,Almond_Irrigated,Mallorca_Irrigated,A-M,4-H,0,0.019
1648,Mallorca,Almond,Almond_Irrigated,Mallorca_Irrigated,A-M,4-H,0,0.014
1649,Mallorca,Almond,Almond_Irrigated,Mallorca_Irrigated,A-M,4-H,0,0.021
1665,Mallorca,Almond,Almond_Rainfed,Mallorca_Rainfed,A-M,7-TP-Xf,0,0.062
1668,Mallorca,Almond,Almond_Rainfed,Mallorca_Rainfed,A-M,7-TP-Xf,0,0.045
1669,Mallorca,Almond,Almond_Rainfed,Mallorca_Rainfed,A-M,7-TP-Xf,0,0.084
1670,Mallorca,Almond,Almond_Rainfed,Mallorca_Rainfed,A-M,7-TP-Xf,0,0.084
1673,Mallorca,Almond,Almond_Rainfed,Mallorca_Rainfed,A-M,7-TP-Xf,0,0.168
1674,Mallorca,Almond,Almond_Rainfed,Mallorca_Rainfed,A-M,7-TP-Xf,0,0.087
1676,Mallorca,Almond,Almond_Rainfed,Mallorca_Rainfed,A-M,7-TP-Xf,0,0.162
1677,Mallorca,Almond,Almond_Rainfed,Mallorca_Rainfed,A-M,7-TP-Xf,0,0.006
1679,Mallorca,Almond,Almond_Rainfed,Mallorca_Rainfed,A-M,7-TP-Xf,0,0.044
1693,Mallorca,Almond,Almond_Irrigated,Mallorca_Irrigated,A-M,4-H,0,0.014
1694,Mallorca,Almond,Almond_Irrigated,Mallorca_Irrigated,A-M,4-H,0,0.006
1696,Mallorca,Almond,Almond_Irrigated,Mallorca_Irrigated,A-M,4-H,0,0.042
1697,Mallorca,Almond,Almond_Irrigated,Mallorca_Irrigated,A-M,4-H,0,0.061
1698,Mallorca,Almond,Almond_Irrigated,Mallorca_Irrigated,A-M,4-H,0,0.012
1700,Mallorca,Almond,Almond_Irrigated,Mallorca_Irrigated,A-M,4-H,0,0.065
1705,Mallorca,Almond,Almond_Irrigated,Mallorca_Irrigated,A-M,4-H,0,0.02
1707,Mallorca,Almond,Almond_Irrigated,Mallorca_Irrigated,A-M,4-H,0,0.011
1708,Mallorca,Almond,Almond_Irrigated,Mallorca_Irrigated,A-M,4-H,0,0.058
1727,Mallorca,Almond,Almond_Irrigated,Mallorca_Irrigated,A-M,7-TP-Xf,0,0.013
1728,Mallorca,Almond,Almond_Irrigated,Mallorca_Irrigated,A-M,7-TP-Xf,0,0.143
1729,Mallorca,Almond,Almond_Irrigated,Mallorca_Irrigated,A-M,7-TP-Xf,0,0.058
1730,Mallorca,Almond,Almond_Irrigated,Mallorca_Irrigated,A-M,7-TP-Xf,0,0.081
1731,Mallorca,Almond,Almond_Irrigated,Mallorca_Irrigated,A-M,7-TP-Xf,0,0.021
1732,Mallorca,Almond,Almond_Irrigated,Mallorca_Irrigated,A-M,7-TP-Xf,0,0.003
1734,Mallorca,Almond,Almond_Irrigated,Mallorca_Irrigated,A-M,7-TP-Xf,0,0.025
1735,Mallorca,Almond,Almond_Irrigated,Mallorca_Irrigated,A-M,7-TP-Xf,0,0.028
1736,Mallorca,Almond,Almond_Irrigated,Mallorca_Irrigated,A-M,7-TP-Xf,0,0.061
1737,Mallorca,Almond,Almond_Irrigated,Mallorca_Irrigated,A-M,7-TP-Xf,0,0.005
1741,Mallorca,Almond,Almond_Irrigated,Mallorca_Irrigated,A-M,7-TP-Xf,0,0.189
1758,Mallorca,Almond,Almond_Irrigated,Mallorca_Irrigated,A-M,4-H,0,0.26
1759,Mallorca,Almond,Almond_Rainfed,Mallorca_Rainfed,A-M,7-TP-Xf,0,0.02
1760,Mallorca,Almond,Almond_Rainfed,Mallorca_Rainfed,A-M,7-TP-Xf,0,0.01
1761,Mallorca,Almond,Almond_Rainfed,Mallorca_Rainfed,A-M,7-TP-Xf,0,0.04
1764,Mallorca,Almond,Almond_Rainfed,Mallorca_Rainfed,A-M,7-TP-Xf,0,0.098
1766,Mallorca,Almond,Almond_Rainfed,Mallorca_Rainfed,A-M,7-TP-Xf,0,0.185
1767,Mallorca,Almond,Almond_Rainfed,Mallorca_Rainfed,A-M,7-TP-Xf,0,0.024
1769,Mallorca,Almond,Almond_Rainfed,Mallorca_Rainfed,A-M,7-TP-Xf,0,0.012
1772,Mallorca,Almond,Almond_Rainfed,Mallorca_Rainfed,A-M,7-TP-Xf,0,0.014
1773,Mallorca,Almond,Almond_Rainfed,Mallorca_Rainfed,A-M,7-TP-Xf,0,0.109
1774,Mallorca,Almond,Almond_Rainfed,Mallorca_Rainfed,A-M,7-TP-Xf,0,0.283
1775,Mallorca,Almond,Almond_Rainfed,Mallorca_Rainfed,A-M,7-TP-Xf,0,0.177
1776,Mallorca,Almond,Almond_Rainfed,Mallorca_Rainfed,A-M,7-TP-Xf,0,0.062
1777,Mallorca,Almond,Almond_Rainfed,Mallorca_Rainfed,A-M,7-TP-Xf,0,0.143
1780,Mallorca,Almond,Almond_Rainfed,Mallorca_Rainfed,A-M,7-TP-Xf,0,0.123
1781,Mallorca,Almond,Almond_Rainfed,Mallorca_Rainfed,A-M,7-TP-Xf,0,0.264
1782,Mallorca,Almond,Almond_Rainfed,Mallorca_Rainfed,A-M,7-TP-Xf,0,0.115
1783,Mallorca,Almond,Almond_Rainfed,Mallorca_Rainfed,A-M,7-TP-Xf,0,0.118
1784,Mallorca,Almond,Almond_Rainfed,Mallorca_Rainfed,A-M,7-TP-Xf,0,0.093
1785,Mallorca,Almond,Almond_Rainfed,Mallorca_Rainfed,A-M,7-TP-Xf,0,0.084
1786,Mallorca,Almond,Almond_Rainfed,Mallorca_Rainfed,A-M,7-TP-Xf,0,0.21
1787,Mallorca,Almond,Almond_Rainfed,Mallorca_Rainfed,A-M,7-TP-Xf,0,0.027
1788,Mallorca,Almond,Almond_Rainfed,Mallorca_Rainfed,A-M,7-TP-Xf,0,0.128
1915,Mallorca,Almond,Almond_Irrigated,Mallorca_Irrigated,A-M,7-TP-Xf,0,0.041
1916,Mallorca,Almond,Almond_Irrigated,Mallorca_Irrigated,A-M,7-TP-Xf,0,0.028
1917,Mallorca,Almond,Almond_Irrigated,Mallorca_Irrigated,A-M,7-TP-Xf,0,0.039
1918,Mallorca,Almond,Almond_Irrigated,Mallorca_Irrigated,A-M,7-TP-Xf,0,0.004
1920,Mallorca,Almond,Almond_Irrigated,Mallorca_Irrigated,A-M,7-TP-Xf,0,0.062
1921,Mallorca,Almond,Almond_Irrigated,Mallorca_Irrigated,A-M,7-TP-Xf,0,0.018
1922,Mallorca,Almond,Almond_Irrigated,Mallorca_Irrigated,A-M,7-TP-Xf,0,0.054
1925,Mallorca,Almond,Almond_Irrigated,Mallorca_Irrigated,A-M,7-TP-Xf,0,0.061
1926,Mallorca,Almond,Almond_Irrigated,Mallorca_Irrigated,A-M,7-TP-Xf,0,0.042
1927,Mallorca,Almond,Almond_Irrigated,Mallorca_Irrigated,A-M,7-TP-Xf,0,0.026
1928,Mallorca,Almond,Almond_Irrigated,Mallorca_Irrigated,A-M,7-TP-Xf,0,0.073
1929,Mallorca,Almond,Almond_Irrigated,Mallorca_Irrigated,A-M,7-TP-Xf,0,0.026
1966,Mallorca,Almond,Almond_Rainfed,Mallorca_Rainfed,A-M,7-TP-Xf,0,0.111
1970,Mallorca,Almond,Almond_Rainfed,Mallorca_Rainfed,A-M,7-TP-Xf,0,0.095
1971,Mallorca,Almond,Almond_Rainfed,Mallorca_Rainfed,A-M,7-TP-Xf,0,0.043
1972,Mallorca,Almond,Almond_Rainfed,Mallorca_Rainfed,A-M,7-TP-Xf,0,0.064
1977,Mallorca,Almond,Almond_Irrigated,Mallorca_Irrigated,A-M,7-TP-Xf,0,0.091
1978,Mallorca,Almond,Almond_Irrigated,Mallorca_Irrigated,A-M,7-TP-Xf,0,0.083
1981,Mallorca,Almond,Almond_Irrigated,Mallorca_Irrigated,A-M,7-TP-Xf,0,0.031
1982,Mallorca,Almond,Almond_Irrigated,Mallorca_Irrigated,A-M,7-TP-Xf,0,0.136
1985,Mallorca,Almond,Almond_Irrigated,Mallorca_Irrigated,A-M,7-TP-Xf,0,0.08
1989,Mallorca,Almond,Almond_Irrigated,Mallorca_Irrigated,A-M,7-TP-Xf,0,0.115
2006,Mallorca,Almond,Almond_Rainfed,Mallorca_Rainfed,A-M,7-TP-Xf,0,0.024
2007,Mallorca,Almond,Almond_Rainfed,Mallorca_Rainfed,A-M,7-TP-Xf,0,0.156
2009,Mallorca,Almond,Almond_Rainfed,Mallorca_Rainfed,A-M,7-TP-Xf,0,0.062
2011,Mallorca,Almond,Almond_Rainfed,Mallorca_Rainfed,A-M,7-TP-Xf,0,0.007
2012,Mallorca,Almond,Almond_Rainfed,Mallorca_Rainfed,A-M,7-TP-Xf,0,0.007
2013,Mallorca,Almond,Almond_Rainfed,Mallorca_Rainfed,A-M,7-TP-Xf,0,0.158
2017,Mallorca,Almond,Almond_Rainfed,Mallorca_Rainfed,A-M,7-TP-Xf,0,0.001
2018,Mallorca,Almond,Almond_Rainfed,Mallorca_Rainfed,A-M,7-TP-Xf,0,0.043
2073,Mallorca,Almond,Almond_Rainfed,Mallorca_Rainfed,A-M,7-TP-Xf,0,0.026
2078,Mallorca,Almond,Almond_Rainfed,Mallorca_Rainfed,A-M,4-H,0,0.013
2119,Mallorca,Almond,Almond_Irrigated,Mallorca_Irrigated,A-M,4-H,0,0.029
2121,Mallorca,Almond,Almond_Irrigated,Mallorca_Irrigated,A-M,4-H,0,0.004
2124,Mallorca,Almond,Almond_Irrigated,Mallorca_Irrigated,A-M,4-H,0,0.048
2125,Mallorca,Almond,Almond_Irrigated,Mallorca_Irrigated,A-M,4-H,0,0.003
2127,Mallorca,Almond,Almond_Irrigated,Mallorca_Irrigated,A-M,4-H,0,0.012
2130,Mallorca,Almond,Almond_Irrigated,Mallorca_Irrigated,A-M,4-H,0,0.029
2138,Mallorca,Almond,Almond_Irrigated,Mallorca_Irrigated,A-M,4-H,0,0.143
2141,Mallorca,Almond,Almond_Irrigated,Mallorca_Irrigated,A-M,4-H,0,0.064
2148,Mallorca,Almond,Almond_Irrigated,Mallorca_Irrigated,A-M,7-TP-Xf,0,0.211
2149,Mallorca,Almond,Almond_Irrigated,Mallorca_Irrigated,A-M,7-TP-Xf,0,0.176
2150,Mallorca,Almond,Almond_Irrigated,Mallorca_Irrigated,A-M,7-TP-Xf,0,0.09
2151,Mallorca,Almond,Almond_Irrigated,Mallorca_Irrigated,A-M,7-TP-Xf,0,0.017
2152,Mallorca,Almond,Almond_Irrigated,Mallorca_Irrigated,A-M,7-TP-Xf,0,0.238
2154,Mallorca,Almond,Almond_Irrigated,Mallorca_Irrigated,A-M,7-TP-Xf,0,0.081
2155,Mallorca,Almond,Almond_Irrigated,Mallorca_Irrigated,A-M,7-TP-Xf,0,0.246
2156,Mallorca,Almond,Almond_Irrigated,Mallorca_Irrigated,A-M,7-TP-Xf,0,0.252
2157,Mallorca,Almond,Almond_Irrigated,Mallorca_Irrigated,A-M,7-TP-Xf,0,0.08
2159,Mallorca,Almond,Almond_Irrigated,Mallorca_Irrigated,A-M,7-TP-Xf,0,0.104
2160,Mallorca,Almond,Almond_Irrigated,Mallorca_Irrigated,A-M,7-TP-Xf,0,0.12
2161,Mallorca,Almond,Almond_Irrigated,Mallorca_Irrigated,A-M,7-TP-Xf,0,0.156
2163,Mallorca,Almond,Almond_Irrigated,Mallorca_Irrigated,A-M,7-TP-Xf,0,0.166
2165,Mallorca,Almond,Almond_Rainfed,Mallorca_Rainfed,A-M,7-TP-Xf,0,0.084
2166,Mallorca,Almond,Almond_Rainfed,Mallorca_Rainfed,A-M,7-TP-Xf,0,0.02
2168,Mallorca,Almond,Almond_Rainfed,Mallorca_Rainfed,A-M,7-TP-Xf,0,0.036
2169,Mallorca,Almond,Almond_Rainfed,Mallorca_Rainfed,A-M,7-TP-Xf,0,0.066
2175,Mallorca,Almond,Almond_Rainfed,Mallorca_Rainfed,A-M,7-TP-Xf,0,0.101
2177,Mallorca,Almond,Almond_Rainfed,Mallorca_Rainfed,A-M,7-TP-Xf,0,0.047
2179,Mallorca,Almond,Almond_Rainfed,Mallorca_Rainfed,A-M,7-TP-Xf,0,0.207
2196,Mallorca,Almond,Almond_Rainfed,Mallorca_Rainfed,A-M,7-TP-Xf,0,0.024
2198,Mallorca,Almond,Almond_Rainfed,Mallorca_Rainfed,A-M,7-TP-Xf,0,0.02
2199,Mallorca,Almond,Almond_Rainfed,Mallorca_Rainfed,A-M,7-TP-Xf,0,0.071
2201,Mallorca,Almond,Almond_Rainfed,Mallorca_Rainfed,A-M,7-TP-Xf,0,0.035
2204,Mallorca,Almond,Almond_Rainfed,Mallorca_Rainfed,A-M,7-TP-Xf,0,0.045
2205,Mallorca,Almond,Almond_Rainfed,Mallorca_Rainfed,A-M,7-TP-Xf,0,0.069
2209,Mallorca,Almond,Almond_Rainfed,Mallorca_Rainfed,A-M,7-TP-Xf,0,0.017
2210,Mallorca,Almond,Almond_Rainfed,Mallorca_Rainfed,A-M,7-TP-Xf,0,0.038
2226,Mallorca,Almond,Almond_Irrigated,Mallorca_Irrigated,A-M,4-H,0,0.028
2289,Mallorca,Almond,Almond_Irrigated,Mallorca_Irrigated,A-M,4-H,0,0.025
2290,Mallorca,Almond,Almond_Irrigated,Mallorca_Irrigated,A-M,4-H,0,0.019
2293,Mallorca,Almond,Almond_Irrigated,Mallorca_Irrigated,A-M,4-H,0,0.006
2297,Mallorca,Almond,Almond_Irrigated,Mallorca_Irrigated,A-M,4-H,0,0.04
2374,Mallorca,Almond,Almond_Irrigated,Mallorca_Irrigated,A-M,7-TP-Xf,0,0.135
2375,Mallorca,Almond,Almond_Irrigated,Mallorca_Irrigated,A-M,7-TP-Xf,0,0.12
2376,Mallorca,Almond,Almond_Irrigated,Mallorca_Irrigated,A-M,7-TP-Xf,0,0.006
2378,Mallorca,Almond,Almond_Irrigated,Mallorca_Irrigated,A-M,7-TP-Xf,0,0.114
2379,Mallorca,Almond,Almond_Irrigated,Mallorca_Irrigated,A-M,7-TP-Xf,0,0.222
2382,Mallorca,Almond,Almond_Irrigated,Mallorca_Irrigated,A-M,7-TP-Xf,0,0.055
2383,Mallorca,Almond,Almond_Irrigated,Mallorca_Irrigated,A-M,7-TP-Xf,0,0.071
2384,Mallorca,Almond,Almond_Irrigated,Mallorca_Irrigated,A-M,7-TP-Xf,0,0.166
2385,Mallorca,Almond,Almond_Irrigated,Mallorca_Irrigated,A-M,7-TP-Xf,0,0.026
2386,Mallorca,Almond,Almond_Irrigated,Mallorca_Irrigated,A-M,7-TP-Xf,0,0.05
2387,Mallorca,Almond,Almond_Irrigated,Mallorca_Irrigated,A-M,7-TP-Xf,0,0.032
2388,Mallorca,Almond,Almond_Irrigated,Mallorca_Irrigated,A-M,7-TP-Xf,0,0.066
2389,Mallorca,Almond,Almond_Irrigated,Mallorca_Irrigated,A-M,7-TP-Xf,0,0.135
2390,Mallorca,Almond,Almond_Irrigated,Mallorca_Irrigated,A-M,7-TP-Xf,0,0.201
2406,Mallorca,Almond,Almond_Irrigated,Mallorca_Irrigated,A-M,4-H,0,0.007
2434,Mallorca,Almond,Almond_Irrigated,Mallorca_Irrigated,A-M,7-TP-Xf,0,0.04
2435,Mallorca,Almond,Almond_Irrigated,Mallorca_Irrigated,A-M,7-TP-Xf,0,0.264
2436,Mallorca,Almond,Almond_Irrigated,Mallorca_Irrigated,A-M,7-TP-Xf,0,0.326
2437,Mallorca,Almond,Almond_Irrigated,Mallorca_Irrigated,A-M,7-TP-Xf,0,0.13
2440,Mallorca,Almond,Almond_Irrigated,Mallorca_Irrigated,A-M,7-TP-Xf,0,0.066
2442,Mallorca,Almond,Almond_Irrigated,Mallorca_Irrigated,A-M,7-TP-Xf,0,0.088
2444,Mallorca,Almond,Almond_Irrigated,Mallorca_Irrigated,A-M,7-TP-Xf,0,0.076
2445,Mallorca,Almond,Almond_Irrigated,Mallorca_Irrigated,A-M,7-TP-Xf,0,0.155
2461,Mallorca,Almond,Almond_Irrigated,Mallorca_Irrigated,A-M,7-TP-Xf,0,0.104
2462,Mallorca,Almond,Almond_Irrigated,Mallorca_Irrigated,A-M,7-TP-Xf,0,0.017
2463,Mallorca,Almond,Almond_Irrigated,Mallorca_Irrigated,A-M,7-TP-Xf,0,0.054
2465,Mallorca,Almond,Almond_Irrigated,Mallorca_Irrigated,A-M,7-TP-Xf,0,0.001
2467,Mallorca,Almond,Almond_Irrigated,Mallorca_Irrigated,A-M,7-TP-Xf,0,0.074
2475,Mallorca,Almond,Almond_Irrigated,Mallorca_Irrigated,A-M,7-TP-Xf,0,0.021
2479,Puglia,Olive,Olive_Rainfed,Puglia_Rainfed,4P,3-Xf-I,0,0.032
2480,Puglia,Olive,Olive_Rainfed,Puglia_Rainfed,4P,3-Xf-I,0,0.069
2481,Puglia,Olive,Olive_Rainfed,Puglia_Rainfed,4P,3-Xf-I,0,0.158
2482,Puglia,Olive,Olive_Rainfed,Puglia_Rainfed,4P,3-Xf-I,0,0.02
2483,Puglia,Olive,Olive_Rainfed,Puglia_Rainfed,4P,3-Xf-I,0,0.035
2484,Puglia,Olive,Olive_Rainfed,Puglia_Rainfed,4P,3-Xf-I,0,0.112
2485,Puglia,Olive,Olive_Rainfed,Puglia_Rainfed,4P,3-Xf-I,0,0.042
2486,Puglia,Olive,Olive_Rainfed,Puglia_Rainfed,4P,3-Xf-I,0,0.026
2487,Puglia,Olive,Olive_Rainfed,Puglia_Rainfed,4P,3-Xf-I,0,0.083
2493,Puglia,Olive,Olive_Rainfed,Puglia_Rainfed,4P,3-Xf-I,0,0.006
2494,Puglia,Olive,Olive_Rainfed,Puglia_Rainfed,4P,3-Xf-I,0,0.024
2500,Puglia,Olive,Olive_Rainfed,Puglia_Rainfed,4P,3-Xf-I,0,0.118
2501,Puglia,Olive,Olive_Rainfed,Puglia_Rainfed,4P,3-Xf-I,0,0.022
2503,Puglia,Olive,Olive_Rainfed,Puglia_Rainfed,4P,3-Xf-I,0,0.001
2511,Puglia,Olive,Olive_Rainfed,Puglia_Rainfed,4P,3-Xf-I,0,0.054
2516,Puglia,Olive,Olive_Rainfed,Puglia_Rainfed,4P,3-Xf-I,0,0.012
2517,Puglia,Olive,Olive_Rainfed,Puglia_Rainfed,4P,3-Xf-I,0,0.017
2518,Puglia,Olive,Olive_Rainfed,Puglia_Rainfed,4P,3-Xf-I,0,0.014
2526,Puglia,Olive,Olive_Rainfed,Puglia_Rainfed,4P,3-Xf-I,0,0.018
2527,Puglia,Olive,Olive_Rainfed,Puglia_Rainfed,4P,3-Xf-I,0,0.013
2550,Puglia,Olive,Olive_Rainfed,Puglia_Rainfed,4P,3-Xf-I,0,0.072
2551,Puglia,Olive,Olive_Rainfed,Puglia_Rainfed,4P,3-Xf-I,0,0.067
2552,Puglia,Olive,Olive_Rainfed,Puglia_Rainfed,4P,3-Xf-I,0,0.068
2553,Puglia,Olive,Olive_Rainfed,Puglia_Rainfed,4P,3-Xf-I,0,0.063
2554,Puglia,Olive,Olive_Rainfed,Puglia_Rainfed,4P,3-Xf-I,0,0.018
2555,Puglia,Olive,Olive_Rainfed,Puglia_Rainfed,4P,3-Xf-I,0,0.044
2556,Puglia,Olive,Olive_Rainfed,Puglia_Rainfed,4P,3-Xf-I,0,0.053
2566,Puglia,Olive,Olive_Rainfed,Puglia_Rainfed,4P,3-Xf-I,0,0.057
2567,Puglia,Olive,Olive_Rainfed,Puglia_Rainfed,4P,3-Xf-I,0,0.095
2568,Puglia,Olive,Olive_Rainfed,Puglia_Rainfed,4P,3-Xf-I,0,0.06
2569,Puglia,Olive,Olive_Rainfed,Puglia_Rainfed,4P,3-Xf-I,0,0.073
2570,Puglia,Olive,Olive_Rainfed,Puglia_Rainfed,4P,3-Xf-I,0,0.103
2571,Puglia,Olive,Olive_Rainfed,Puglia_Rainfed,4P,3-Xf-I,0,0.09
2572,Puglia,Olive,Olive_Rainfed,Puglia_Rainfed,4P,3-Xf-I,0,0.075
2573,Puglia,Olive,Olive_Rainfed,Puglia_Rainfed,4P,3-Xf-I,0,0.049
2574,Puglia,Olive,Olive_Rainfed,Puglia_Rainfed,4P,3-Xf-I,0,0.135
2579,Puglia,Olive,Olive_Rainfed,Puglia_Rainfed,4P,3-Xf-I,0,0.066
2580,Puglia,Olive,Olive_Rainfed,Puglia_Rainfed,4P,3-Xf-I,0,0.064
2592,Puglia,Olive,Olive_Rainfed,Puglia_Rainfed,4P,3-Xf-I,0,0.025
2593,Puglia,Olive,Olive_Rainfed,Puglia_Rainfed,4P,3-Xf-I,0,0.018
2596,Puglia,Olive,Olive_Rainfed,Puglia_Rainfed,4P,3-Xf-I,0,0.025
2597,Puglia,Olive,Olive_Rainfed,Puglia_Rainfed,4P,3-Xf-I,0,0.026
2599,Puglia,Olive,Olive_Rainfed,Puglia_Rainfed,4P,3-Xf-I,0,0.01
2600,Puglia,Olive,Olive_Rainfed,Puglia_Rainfed,4P,3-Xf-I,0,0.042
2604,Puglia,Olive,Olive_Rainfed,Puglia_Rainfed,4P,3-Xf-I,0,0.014
2605,Puglia,Olive,Olive_Rainfed,Puglia_Rainfed,4P,3-Xf-I,0,0.012
2607,Puglia,Olive,Olive_Rainfed,Puglia_Rainfed,4P,3-Xf-I,0,0.038
2608,Puglia,Olive,Olive_Rainfed,Puglia_Rainfed,4P,3-Xf-I,0,0.026
2609,Puglia,Olive,Olive_Rainfed,Puglia_Rainfed,4P,3-Xf-I,0,0.029
2612,Puglia,Olive,Olive_Rainfed,Puglia_Rainfed,4P,3-Xf-I,0,0.024
2615,Puglia,Olive,Olive_Rainfed,Puglia_Rainfed,4P,3-Xf-I,0,0.033
2624,Puglia,Olive,Olive_Rainfed,Puglia_Rainfed,4P,3-Xf-I,0,0.002
2629,Puglia,Olive,Olive_Rainfed,Puglia_Rainfed,4P,3-Xf-I,0,0.004
2631,Puglia,Olive,Olive_Rainfed,Puglia_Rainfed,4P,3-Xf-I,0,0.027
2632,Puglia,Olive,Olive_Rainfed,Puglia_Rainfed,4P,3-Xf-I,0,0.021
2633,Puglia,Olive,Olive_Rainfed,Puglia_Rainfed,4P,3-Xf-I,0,0.04
2634,Puglia,Olive,Olive_Rainfed,Puglia_Rainfed,4P,3-Xf-I,0,0.001
2635,Puglia,Olive,Olive_Rainfed,Puglia_Rainfed,4P,3-Xf-I,0,0.028
2636,Puglia,Olive,Olive_Rainfed,Puglia_Rainfed,4P,3-Xf-I,0,0.018
2637,Puglia,Olive,Olive_Rainfed,Puglia_Rainfed,4P,3-Xf-I,0,0.013
2646,Puglia,Olive,Olive_Rainfed,Puglia_Rainfed,4P,3-Xf-I,0,0.149
2647,Puglia,Olive,Olive_Rainfed,Puglia_Rainfed,4P,3-Xf-I,0,0.014
2648,Puglia,Olive,Olive_Rainfed,Puglia_Rainfed,4P,3-Xf-I,0,0.055
2649,Puglia,Olive,Olive_Rainfed,Puglia_Rainfed,4P,3-Xf-I,0,0.07
2650,Puglia,Olive,Olive_Rainfed,Puglia_Rainfed,4P,3-Xf-I,0,0.037
2651,Puglia,Olive,Olive_Rainfed,Puglia_Rainfed,4P,3-Xf-I,0,0.043
2652,Puglia,Olive,Olive_Rainfed,Puglia_Rainfed,4P,3-Xf-I,0,0.062
2654,Puglia,Olive,Olive_Rainfed,Puglia_Rainfed,4P,3-Xf-I,0,0.027
2655,Puglia,Olive,Olive_Rainfed,Puglia_Rainfed,4P,3-Xf-I,0,0.045
2656,Puglia,Olive,Olive_Rainfed,Puglia_Rainfed,4P,3-Xf-I,0,0.012
2657,Puglia,Olive,Olive_Rainfed,Puglia_Rainfed,4P,3-Xf-I,0,0.007
2658,Puglia,Olive,Olive_Rainfed,Puglia_Rainfed,4P,3-Xf-I,0,0.042
2660,Puglia,Olive,Olive_Rainfed,Puglia_Rainfed,4P,3-Xf-I,0,0.003
2661,Puglia,Olive,Olive_Rainfed,Puglia_Rainfed,4P,3-Xf-I,0,0.037
2662,Puglia,Olive,Olive_Rainfed,Puglia_Rainfed,4P,3-Xf-I,0,0.012
2663,Puglia,Olive,Olive_Rainfed,Puglia_Rainfed,4P,3-Xf-I,0,0.028
2664,Puglia,Olive,Olive_Rainfed,Puglia_Rainfed,4P,3-Xf-I,0,0.044
2665,Puglia,Olive,Olive_Rainfed,Puglia_Rainfed,4P,3-Xf-I,0,0.061
2666,Puglia,Olive,Olive_Rainfed,Puglia_Rainfed,4P,3-Xf-I,0,0.04
2668,Puglia,Olive,Olive_Rainfed,Puglia_Rainfed,4P,3-Xf-I,0,0.021
2669,Puglia,Olive,Olive_Rainfed,Puglia_Rainfed,4P,3-Xf-I,0,0.043
2670,Puglia,Olive,Olive_Rainfed,Puglia_Rainfed,4P,3-Xf-I,0,0.033
2671,Puglia,Olive,Olive_Rainfed,Puglia_Rainfed,4P,3-Xf-I,0,0.024
2672,Puglia,Olive,Olive_Rainfed,Puglia_Rainfed,4P,3-Xf-I,0,0.02
2673,Puglia,Olive,Olive_Rainfed,Puglia_Rainfed,4P,3-Xf-I,0,0.027
2674,Puglia,Olive,Olive_Rainfed,Puglia_Rainfed,4P,3-Xf-I,0,0.028
2675,Puglia,Olive,Olive_Rainfed,Puglia_Rainfed,4P,3-Xf-I,0,0.002
2677,Puglia,Olive,Olive_Rainfed,Puglia_Rainfed,4P,3-Xf-I,0,0.048
2678,Puglia,Olive,Olive_Rainfed,Puglia_Rainfed,4P,3-Xf-I,0,0.207
2679,Puglia,Olive,Olive_Rainfed,Puglia_Rainfed,4P,3-Xf-I,0,0.056
2680,Puglia,Olive,Olive_Rainfed,Puglia_Rainfed,4P,3-Xf-I,0,0.044
2683,Puglia,Olive,Olive_Rainfed,Puglia_Rainfed,4P,3-Xf-I,0,0.024
2684,Puglia,Olive,Olive_Rainfed,Puglia_Rainfed,4P,3-Xf-I,0,0.037
2687,Puglia,Olive,Olive_Rainfed,Puglia_Rainfed,4P,3-Xf-I,0,0.004
2688,Puglia,Olive,Olive_Rainfed,Puglia_Rainfed,4P,3-Xf-I,0,0.01
2689,Puglia,Olive,Olive_Rainfed,Puglia_Rainfed,4P,3-Xf-I,0,0.024
2690,Puglia,Olive,Olive_Rainfed,Puglia_Rainfed,4P,3-Xf-I,0,0.075
2691,Puglia,Olive,Olive_Rainfed,Puglia_Rainfed,4P,3-Xf-I,0,0.032
2692,Puglia,Olive,Olive_Rainfed,Puglia_Rainfed,4P,3-Xf-I,0,0.025
2693,Puglia,Olive,Olive_Rainfed,Puglia_Rainfed,4P,3-Xf-I,0,0.024
2695,Puglia,Olive,Olive_Rainfed,Puglia_Rainfed,4P,3-Xf-I,0,0.036
2703,Puglia,Olive,Olive_Rainfed,Puglia_Rainfed,4P,3-Xf-I,0,0.022
2705,Puglia,Olive,Olive_Rainfed,Puglia_Rainfed,4P,3-Xf-I,0,0.005
2709,Puglia,Olive,Olive_Rainfed,Puglia_Rainfed,4P,3-Xf-I,0,0.09
2715,Puglia,Olive,Olive_Rainfed,Puglia_Rainfed,4P,3-Xf-I,0,0.02
2717,Puglia,Olive,Olive_Rainfed,Puglia_Rainfed,4P,3-Xf-I,0,0.025
2729,Puglia,Olive,Olive_Rainfed,Puglia_Rainfed,4P,3-Xf-I,0,0.002
2739,Puglia,Olive,Olive_Rainfed,Puglia_Rainfed,4P,3-Xf-I,0,0.011
2768,Puglia,Olive,Olive_Rainfed,Puglia_Rainfed,4P,3-Xf-I,0,0.01
2769,Puglia,Olive,Olive_Rainfed,Puglia_Rainfed,4P,3-Xf-I,0,0.004
2770,Puglia,Olive,Olive_Rainfed,Puglia_Rainfed,4P,3-Xf-I,0,0.021
2771,Puglia,Olive,Olive_Rainfed,Puglia_Rainfed,4P,3-Xf-I,0,0.017
2772,Puglia,Olive,Olive_Rainfed,Puglia_Rainfed,4P,3-Xf-I,0,0.005
2773,Puglia,Olive,Olive_Rainfed,Puglia_Rainfed,4P,3-Xf-I,0,0.167
2786,Puglia,Olive,Olive_Rainfed,Puglia_Rainfed,4P,3-Xf-I,0,0.019
2795,Puglia,Olive,Olive_Rainfed,Puglia_Rainfed,4P,3-Xf-I,0,0.022
2796,Puglia,Olive,Olive_Rainfed,Puglia_Rainfed,4P,3-Xf-I,0,0.019
2797,Puglia,Olive,Olive_Rainfed,Puglia_Rainfed,4P,3-Xf-I,0,0.057
2803,Puglia,Olive,Olive_Rainfed,Puglia_Rainfed,4P,3-Xf-I,0,0.001
2804,Puglia,Olive,Olive_Rainfed,Puglia_Rainfed,4P,3-Xf-I,0,0.004
2806,Puglia,Olive,Olive_Rainfed,Puglia_Rainfed,4P,3-Xf-I,0,0.003
2807,Puglia,Olive,Olive_Rainfed,Puglia_Rainfed,4P,3-Xf-I,0,0.002
2808,Puglia,Olive,Olive_Rainfed,Puglia_Rainfed,4P,3-Xf-I,0,0.009
2819,Puglia,Olive,Olive_Rainfed,Puglia_Rainfed,4P,3-Xf-I,0,0.025
2860,Puglia,Olive,Olive_Rainfed,Puglia_Rainfed,4P,3-Xf-I,0,0.004
2879,Puglia,Olive,Olive_Rainfed,Puglia_Rainfed,4P,3-Xf-I,0,0.101
2885,Puglia,Olive,Olive_Rainfed,Puglia_Rainfed,4P,3-Xf-I,0,0.01
2892,Puglia,Olive,Olive_Rainfed,Puglia_Rainfed,4P,3-Xf-I,0,0.004
2907,Puglia,Olive,Olive_Rainfed,Puglia_Rainfed,4P,3-Xf-I,0,0.048
2912,Puglia,Olive,Olive_Rainfed,Puglia_Rainfed,4P,3-Xf-I,0,0.001
2913,Puglia,Olive,Olive_Rainfed,Puglia_Rainfed,4P,3-Xf-I,0,0.014
2946,Puglia,Olive,Olive_Rainfed,Puglia_Rainfed,4P,3-Xf-I,0,0.013
2950,Puglia,Olive,Olive_Rainfed,Puglia_Rainfed,4P,3-Xf-I,0,0.115
2951,Puglia,Olive,Olive_Rainfed,Puglia_Rainfed,4P,3-Xf-I,0,0.087
2953,Puglia,Olive,Olive_Rainfed,Puglia_Rainfed,4P,3-Xf-I,0,0.131
2954,Puglia,Olive,Olive_Rainfed,Puglia_Rainfed,4P,3-Xf-I,0,0.09
2956,Puglia,Olive,Olive_Rainfed,Puglia_Rainfed,4P,3-Xf-I,0,0.08
2958,Puglia,Olive,Olive_Rainfed,Puglia_Rainfed,4P,3-Xf-I,0,0.068
2960,Puglia,Olive,Olive_Rainfed,Puglia_Rainfed,4P,3-Xf-I,0,0.131
2961,Puglia,Olive,Olive_Rainfed,Puglia_Rainfed,4P,3-Xf-I,0,0.099
2962,Puglia,Olive,Olive_Rainfed,Puglia_Rainfed,4P,3-Xf-I,0,0.027
2963,Puglia,Olive,Olive_Rainfed,Puglia_Rainfed,4P,3-Xf-I,0,0.114
2964,Puglia,Olive,Olive_Rainfed,Puglia_Rainfed,4P,3-Xf-I,0,0.025
2965,Puglia,Olive,Olive_Rainfed,Puglia_Rainfed,4P,3-Xf-I,0,0.037
2966,Puglia,Olive,Olive_Rainfed,Puglia_Rainfed,4P,3-Xf-I,0,0.021
2968,Puglia,Olive,Olive_Rainfed,Puglia_Rainfed,4P,3-Xf-I,0,0.08
2969,Puglia,Olive,Olive_Rainfed,Puglia_Rainfed,4P,3-Xf-I,0,0.039
2970,Puglia,Olive,Olive_Rainfed,Puglia_Rainfed,4P,3-Xf-I,0,0.068
2984,Puglia,Olive,Olive_Rainfed,Puglia_Rainfed,4P,3-Xf-I,0,0.043
2985,Puglia,Olive,Olive_Rainfed,Puglia_Rainfed,4P,3-Xf-I,0,0.129
2986,Puglia,Olive,Olive_Rainfed,Puglia_Rainfed,4P,3-Xf-I,0,0.067
2987,Puglia,Olive,Olive_Rainfed,Puglia_Rainfed,4P,3-Xf-I,0,0.058
2988,Puglia,Olive,Olive_Rainfed,Puglia_Rainfed,4P,3-Xf-I,0,0.232
2990,Puglia,Olive,Olive_Rainfed,Puglia_Rainfed,4P,3-Xf-I,0,0.047
2991,Puglia,Olive,Olive_Rainfed,Puglia_Rainfed,4P,3-Xf-I,0,0.025
2993,Puglia,Olive,Olive_Rainfed,Puglia_Rainfed,4P,3-Xf-I,0,0.031
3005,Puglia,Olive,Olive_Rainfed,Puglia_Rainfed,4P,3-Xf-I,0,0.003
3006,Puglia,Olive,Olive_Rainfed,Puglia_Rainfed,4P,3-Xf-I,0,0.011
3007,Puglia,Olive,Olive_Rainfed,Puglia_Rainfed,4P,3-Xf-I,0,0.004
3008,Puglia,Olive,Olive_Rainfed,Puglia_Rainfed,4P,3-Xf-I,0,0.011
3009,Puglia,Olive,Olive_Rainfed,Puglia_Rainfed,4P,3-Xf-I,0,0.014
3017,Puglia,Olive,Olive_Rainfed,Puglia_Rainfed,4P,3-Xf-I,0,0.028
3018,Puglia,Olive,Olive_Rainfed,Puglia_Rainfed,4P,3-Xf-I,0,0.032
3019,Puglia,Olive,Olive_Rainfed,Puglia_Rainfed,4P,3-Xf-I,0,0.023
3020,Puglia,Olive,Olive_Rainfed,Puglia_Rainfed,4P,3-Xf-I,0,0.054
3021,Puglia,Olive,Olive_Rainfed,Puglia_Rainfed,4P,3-Xf-I,0,0.033
3022,Puglia,Olive,Olive_Rainfed,Puglia_Rainfed,4P,3-Xf-I,0,0.054
3023,Puglia,Olive,Olive_Rainfed,Puglia_Rainfed,4P,3-Xf-I,0,0.034
3024,Puglia,Olive,Olive_Rainfed,Puglia_Rainfed,4P,3-Xf-I,0,0.031
3025,Puglia,Olive,Olive_Rainfed,Puglia_Rainfed,4P,3-Xf-I,0,0.012
3026,Puglia,Olive,Olive_Rainfed,Puglia_Rainfed,4P,3-Xf-I,0,0.01
3030,Puglia,Olive,Olive_Rainfed,Puglia_Rainfed,4P,3-Xf-I,0,0.015
3031,Puglia,Olive,Olive_Rainfed,Puglia_Rainfed,4P,3-Xf-I,0,0.062
3033,Puglia,Olive,Olive_Rainfed,Puglia_Rainfed,4P,3-Xf-I,0,0.006
3034,Puglia,Olive,Olive_Rainfed,Puglia_Rainfed,4P,3-Xf-I,0,0.007
3036,Puglia,Olive,Olive_Rainfed,Puglia_Rainfed,4P,3-Xf-I,0,0.001
3037,Puglia,Olive,Olive_Rainfed,Puglia_Rainfed,4P,3-Xf-I,0,0.06
3040,Puglia,Olive,Olive_Rainfed,Puglia_Rainfed,4P,3-Xf-I,0,0.019
3042,Puglia,Olive,Olive_Rainfed,Puglia_Rainfed,4P,3-Xf-I,0,0.038
3047,Puglia,Olive,Olive_Rainfed,Puglia_Rainfed,4P,3-Xf-I,0,0.005
3049,Puglia,Olive,Olive_Rainfed,Puglia_Rainfed,4P,3-Xf-I,0,0.001
3052,Puglia,Olive,Olive_Rainfed,Puglia_Rainfed,4P,3-Xf-I,0,0.021
3053,Puglia,Olive,Olive_Rainfed,Puglia_Rainfed,4P,3-Xf-I,0,0.005
3054,Puglia,Olive,Olive_Rainfed,Puglia_Rainfed,4P,3-Xf-I,0,0.056
3056,Puglia,Olive,Olive_Rainfed,Puglia_Rainfed,4P,3-Xf-I,0,0.027
3065,Puglia,Olive,Olive_Rainfed,Puglia_Rainfed,4P,3-Xf-I,0,0.141
3066,Puglia,Olive,Olive_Rainfed,Puglia_Rainfed,4P,3-Xf-I,0,0.098
3076,Puglia,Olive,Olive_Rainfed,Puglia_Rainfed,4P,3-Xf-I,0,0.088
3077,Puglia,Olive,Olive_Rainfed,Puglia_Rainfed,4P,3-Xf-I,0,0.068
3101,Puglia,Olive,Olive_Rainfed,Puglia_Rainfed,4P,3-Xf-I,0,0.029
3103,Puglia,Olive,Olive_Rainfed,Puglia_Rainfed,4P,3-Xf-I,0,0.025
3105,Puglia,Olive,Olive_Rainfed,Puglia_Rainfed,4P,3-Xf-I,0,0.061
3106,Puglia,Olive,Olive_Rainfed,Puglia_Rainfed,4P,3-Xf-I,0,0.049
3112,Puglia,Olive,Olive_Rainfed,Puglia_Rainfed,4P,3-Xf-I,0,0.014
3114,Puglia,Olive,Olive_Rainfed,Puglia_Rainfed,4P,3-Xf-I,0,0.004
3132,Puglia,Olive,Olive_Rainfed,Puglia_Rainfed,4P,3-Xf-I,0,0.058
3133,Puglia,Olive,Olive_Rainfed,Puglia_Rainfed,4P,3-Xf-I,0,0.016
3134,Puglia,Olive,Olive_Rainfed,Puglia_Rainfed,4P,3-Xf-I,0,0.01
3136,Puglia,Olive,Olive_Rainfed,Puglia_Rainfed,4P,3-Xf-I,0,0.04
3137,Puglia,Olive,Olive_Rainfed,Puglia_Rainfed,4P,3-Xf-I,0,0.024
3138,Puglia,Olive,Olive_Rainfed,Puglia_Rainfed,4P,3-Xf-I,0,0.004
3141,Puglia,Olive,Olive_Rainfed,Puglia_Rainfed,4P,3-Xf-I,0,0.047
3152,Puglia,Olive,Olive_Rainfed,Puglia_Rainfed,4P,3-Xf-I,0,0.005
3153,Puglia,Olive,Olive_Rainfed,Puglia_Rainfed,4P,3-Xf-I,0,0.003
3158,Puglia,Olive,Olive_Rainfed,Puglia_Rainfed,4P,3-Xf-I,0,0.034
3159,Puglia,Olive,Olive_Rainfed,Puglia_Rainfed,4P,3-Xf-I,0,0.047
3160,Puglia,Olive,Olive_Rainfed,Puglia_Rainfed,4P,3-Xf-I,0,0.019
3162,Puglia,Olive,Olive_Rainfed,Puglia_Rainfed,4P,3-Xf-I,0,0.001
3164,Puglia,Olive,Olive_Rainfed,Puglia_Rainfed,4P,3-Xf-I,0,0.005
3167,Puglia,Olive,Olive_Rainfed,Puglia_Rainfed,4P,3-Xf-I,0,0.005
3176,Puglia,Olive,Olive_Rainfed,Puglia_Rainfed,4P,3-Xf-I,0,0.014
3194,Puglia,Olive,Olive_Rainfed,Puglia_Rainfed,4P,3-Xf-I,0,0.026
3195,Puglia,Olive,Olive_Rainfed,Puglia_Rainfed,4P,3-Xf-I,0,0.032
3196,Puglia,Olive,Olive_Rainfed,Puglia_Rainfed,4P,3-Xf-I,0,0.004
3199,Puglia,Olive,Olive_Rainfed,Puglia_Rainfed,4P,3-Xf-I,0,0.048
3202,Puglia,Olive,Olive_Rainfed,Puglia_Rainfed,4P,3-Xf-I,0,0.002
3209,Puglia,Olive,Olive_Rainfed,Puglia_Rainfed,4P,3-Xf-I,0,0.053
3215,Puglia,Olive,Olive_Rainfed,Puglia_Rainfed,4P,3-Xf-I,0,0.063
3216,Puglia,Olive,Olive_Rainfed,Puglia_Rainfed,4P,3-Xf-I,0,0.027
3218,Puglia,Olive,Olive_Rainfed,Puglia_Rainfed,4P,3-Xf-I,0,0.004
3219,Puglia,Olive,Olive_Rainfed,Puglia_Rainfed,4P,3-Xf-I,0,0.018
3221,Puglia,Olive,Olive_Rainfed,Puglia_Rainfed,4P,3-Xf-I,0,0.024
3228,Puglia,Olive,Olive_Rainfed,Puglia_Rainfed,4P,3-Xf-I,0,0.01
3233,Puglia,Olive,Olive_Rainfed,Puglia_Rainfed,4P,3-Xf-I,0,0.043
3234,Puglia,Olive,Olive_Rainfed,Puglia_Rainfed,4P,3-Xf-I,0,0.018
3235,Puglia,Olive,Olive_Rainfed,Puglia_Rainfed,4P,3-Xf-I,0,0.02
3236,Puglia,Olive,Olive_Rainfed,Puglia_Rainfed,4P,3-Xf-I,0,0.014
3240,Puglia,Olive,Olive_Rainfed,Puglia_Rainfed,4P,3-Xf-I,0,0.007
3242,Puglia,Olive,Olive_Rainfed,Puglia_Rainfed,4P,3-Xf-I,0,0.001
3250,Puglia,Olive,Olive_Rainfed,Puglia_Rainfed,4P,3-Xf-I,0,0.009
3251,Puglia,Olive,Olive_Rainfed,Puglia_Rainfed,4P,3-Xf-I,0,0.054
3252,Puglia,Olive,Olive_Rainfed,Puglia_Rainfed,4P,3-Xf-I,0,0.015
3253,Puglia,Olive,Olive_Rainfed,Puglia_Rainfed,4P,3-Xf-I,0,0.044
3254,Puglia,Olive,Olive_Rainfed,Puglia_Rainfed,4P,3-Xf-I,0,0.026
3255,Puglia,Olive,Olive_Rainfed,Puglia_Rainfed,4P,3-Xf-I,0,0.038
3256,Puglia,Olive,Olive_Rainfed,Puglia_Rainfed,4P,3-Xf-I,0,0.048
3258,Puglia,Olive,Olive_Rainfed,Puglia_Rainfed,4P,3-Xf-I,0,0.019
3267,Puglia,Olive,Olive_Rainfed,Puglia_Rainfed,4P,3-Xf-I,0,0.104
3268,Puglia,Olive,Olive_Rainfed,Puglia_Rainfed,4P,3-Xf-I,0,0.098
3269,Puglia,Olive,Olive_Rainfed,Puglia_Rainfed,4P,3-Xf-I,0,0.228
3270,Puglia,Olive,Olive_Rainfed,Puglia_Rainfed,4P,3-Xf-I,0,0.021
3271,Puglia,Olive,Olive_Rainfed,Puglia_Rainfed,4P,3-Xf-I,0,0.048
3272,Puglia,Olive,Olive_Rainfed,Puglia_Rainfed,4P,3-Xf-I,0,0.011
3287,Puglia,Olive,Olive_Rainfed,Puglia_Rainfed,4P,3-Xf-I,0,0.104
3291,Puglia,Olive,Olive_Rainfed,Puglia_Rainfed,4P,3-Xf-I,0,0.058
3292,Puglia,Olive,Olive_Rainfed,Puglia_Rainfed,4P,3-Xf-I,0,0.112
3294,Puglia,Olive,Olive_Rainfed,Puglia_Rainfed,4P,3-Xf-I,0,0.001
3296,Puglia,Olive,Olive_Rainfed,Puglia_Rainfed,4P,3-Xf-I,0,0.038
3298,Puglia,Olive,Olive_Rainfed,Puglia_Rainfed,4P,3-Xf-I,0,0.004
3310,Puglia,Olive,Olive_Rainfed,Puglia_Rainfed,4P,3-Xf-I,0,0.021
3319,Puglia,Olive,Olive_Rainfed,Puglia_Rainfed,4P,3-Xf-I,0,0.005
3321,Puglia,Olive,Olive_Rainfed,Puglia_Rainfed,4P,3-Xf-I,0,0.028
3324,Puglia,Olive,Olive_Rainfed,Puglia_Rainfed,4P,3-Xf-I,0,0.048
3325,Puglia,Olive,Olive_Rainfed,Puglia_Rainfed,4P,3-Xf-I,0,0.02
3335,Puglia,Olive,Olive_Rainfed,Puglia_Rainfed,4P,3-Xf-I,0,0.004
3337,Puglia,Olive,Olive_Rainfed,Puglia_Rainfed,4P,3-Xf-I,0,0.032
3338,Puglia,Olive,Olive_Rainfed,Puglia_Rainfed,4P,3-Xf-I,0,0.01
3339,Puglia,Olive,Olive_Rainfed,Puglia_Rainfed,4P,3-Xf-I,0,0.028
3340,Puglia,Olive,Olive_Rainfed,Puglia_Rainfed,4P,3-Xf-I,0,0.063
3343,Puglia,Olive,Olive_Rainfed,Puglia_Rainfed,4P,3-Xf-I,0,0.018
3346,Puglia,Olive,Olive_Rainfed,Puglia_Rainfed,4P,3-Xf-I,0,0.022
3353,Puglia,Olive,Olive_Rainfed,Puglia_Rainfed,4P,3-Xf-I,0,0.022
3354,Puglia,Olive,Olive_Rainfed,Puglia_Rainfed,4P,3-Xf-I,0,0.021
3356,Puglia,Olive,Olive_Rainfed,Puglia_Rainfed,4P,3-Xf-I,0,0.02
3357,Puglia,Olive,Olive_Rainfed,Puglia_Rainfed,4P,3-Xf-I,0,0.067
3359,Puglia,Olive,Olive_Rainfed,Puglia_Rainfed,4P,3-Xf-I,0,0.14
3369,Puglia,Olive,Olive_Rainfed,Puglia_Rainfed,4P,3-Xf-I,0,0.04
3370,Puglia,Olive,Olive_Rainfed,Puglia_Rainfed,4P,3-Xf-I,0,0.04
3371,Puglia,Olive,Olive_Rainfed,Puglia_Rainfed,4P,3-Xf-I,0,0.02
3372,Puglia,Olive,Olive_Rainfed,Puglia_Rainfed,4P,3-Xf-I,0,0.076
3373,Puglia,Olive,Olive_Rainfed,Puglia_Rainfed,4P,3-Xf-I,0,0.006
3374,Puglia,Olive,Olive_Rainfed,Puglia_Rainfed,4P,3-Xf-I,0,0.071
3377,Puglia,Olive,Olive_Rainfed,Puglia_Rainfed,4P,3-Xf-I,0,0.104
3378,Puglia,Olive,Olive_Rainfed,Puglia_Rainfed,4P,3-Xf-I,0,0.025
3379,Puglia,Olive,Olive_Rainfed,Puglia_Rainfed,4P,3-Xf-I,0,0.054
3389,Puglia,Olive,Olive_Rainfed,Puglia_Rainfed,4P,3-Xf-I,0,0.062
3403,Puglia,Olive,Olive_Rainfed,Puglia_Rainfed,4P,3-Xf-I,0,0.05
3404,Puglia,Olive,Olive_Rainfed,Puglia_Rainfed,4P,3-Xf-I,0,0.05
3405,Puglia,Olive,Olive_Rainfed,Puglia_Rainfed,4P,3-Xf-I,0,0.073
3406,Puglia,Olive,Olive_Rainfed,Puglia_Rainfed,4P,3-Xf-I,0,0.067
3407,Puglia,Olive,Olive_Rainfed,Puglia_Rainfed,4P,3-Xf-I,0,0.067
3408,Puglia,Olive,Olive_Rainfed,Puglia_Rainfed,4P,3-Xf-I,0,0.009
3410,Puglia,Olive,Olive_Rainfed,Puglia_Rainfed,4P,3-Xf-I,0,0.097
3411,Puglia,Olive,Olive_Rainfed,Puglia_Rainfed,4P,3-Xf-I,0,0.17
3412,Puglia,Olive,Olive_Rainfed,Puglia_Rainfed,4P,3-Xf-I,0,0.147
3413,Puglia,Olive,Olive_Rainfed,Puglia_Rainfed,4P,3-Xf-I,0,0.002
3414,Puglia,Olive,Olive_Rainfed,Puglia_Rainfed,4P,3-Xf-I,0,0.018
3416,Puglia,Olive,Olive_Rainfed,Puglia_Rainfed,4P,3-Xf-I,0,0.049
3417,Puglia,Olive,Olive_Rainfed,Puglia_Rainfed,4P,3-Xf-I,0,0.147
3436,Puglia,Olive,Olive_Rainfed,Puglia_Rainfed,4P,3-Xf-I,0,0.019
3438,Puglia,Olive,Olive_Rainfed,Puglia_Rainfed,4P,3-Xf-I,0,0.025
3441,Puglia,Olive,Olive_Rainfed,Puglia_Rainfed,4P,3-Xf-I,0,0.074
3443,Puglia,Olive,Olive_Rainfed,Puglia_Rainfed,4P,3-Xf-I,0,0.019
3444,Puglia,Olive,Olive_Rainfed,Puglia_Rainfed,4P,3-Xf-I,0,0.052
3445,Puglia,Olive,Olive_Rainfed,Puglia_Rainfed,4P,3-Xf-I,0,0.037
3446,Puglia,Olive,Olive_Rainfed,Puglia_Rainfed,4P,3-Xf-I,0,0.062
3448,Puglia,Olive,Olive_Rainfed,Puglia_Rainfed,4P,3-Xf-I,0,0.006
3449,Puglia,Olive,Olive_Rainfed,Puglia_Rainfed,4P,3-Xf-I,0,0.052
3450,Puglia,Olive,Olive_Rainfed,Puglia_Rainfed,4P,3-Xf-I,0,0.031
3451,Puglia,Olive,Olive_Rainfed,Puglia_Rainfed,4P,3-Xf-I,0,0.061
3452,Puglia,Olive,Olive_Rainfed,Puglia_Rainfed,4P,3-Xf-I,0,0.037
3454,Puglia,Olive,Olive_Rainfed,Puglia_Rainfed,4P,3-Xf-I,0,0.067
3459,Puglia,Olive,Olive_Rainfed,Puglia_Rainfed,4P,3-Xf-I,0,0.031
3460,Puglia,Olive,Olive_Rainfed,Puglia_Rainfed,4P,3-Xf-I,0,0.053
3461,Puglia,Olive,Olive_Rainfed,Puglia_Rainfed,4P,3-Xf-I,0,0.084
3464,Puglia,Olive,Olive_Rainfed,Puglia_Rainfed,4P,3-Xf-I,0,0.037
3465,Puglia,Olive,Olive_Rainfed,Puglia_Rainfed,4P,3-Xf-I,0,0.09
3474,Puglia,Olive,Olive_Rainfed,Puglia_Rainfed,4P,3-Xf-I,0,0.013
3475,Puglia,Olive,Olive_Rainfed,Puglia_Rainfed,4P,3-Xf-I,0,0.09
3476,Puglia,Olive,Olive_Rainfed,Puglia_Rainfed,4P,3-Xf-I,0,0.062
3477,Puglia,Olive,Olive_Rainfed,Puglia_Rainfed,4P,3-Xf-I,0,0.102
3478,Puglia,Olive,Olive_Rainfed,Puglia_Rainfed,4P,3-Xf-I,0,0.078
3479,Puglia,Olive,Olive_Rainfed,Puglia_Rainfed,4P,3-Xf-I,0,0.022
3482,Puglia,Olive,Olive_Rainfed,Puglia_Rainfed,4P,3-Xf-I,0,0.044
3483,Puglia,Olive,Olive_Rainfed,Puglia_Rainfed,4P,3-Xf-I,0,0.043
3484,Puglia,Olive,Olive_Rainfed,Puglia_Rainfed,4P,3-Xf-I,0,0.036
3486,Puglia,Olive,Olive_Rainfed,Puglia_Rainfed,4P,3-Xf-I,0,0.043
3494,Puglia,Olive,Olive_Rainfed,Puglia_Rainfed,4P,3-Xf-I,0,0.01
3497,Puglia,Olive,Olive_Rainfed,Puglia_Rainfed,4P,3-Xf-I,0,0.001
3512,Puglia,Olive,Olive_Rainfed,Puglia_Rainfed,4P,3-Xf-I,0,0.005
3514,Puglia,Olive,Olive_Rainfed,Puglia_Rainfed,4P,3-Xf-I,0,0.108
3515,Puglia,Olive,Olive_Rainfed,Puglia_Rainfed,4P,3-Xf-I,0,0.076
3516,Puglia,Olive,Olive_Rainfed,Puglia_Rainfed,4P,3-Xf-I,0,0.063
3518,Puglia,Olive,Olive_Rainfed,Puglia_Rainfed,4P,3-Xf-I,0,0.071
3520,Puglia,Olive,Olive_Rainfed,Puglia_Rainfed,4P,3-Xf-I,0,0.017
3531,Puglia,Olive,Olive_Rainfed,Puglia_Rainfed,4P,3-Xf-I,0,0.033
3532,Puglia,Olive,Olive_Rainfed,Puglia_Rainfed,4P,3-Xf-I,0,0.013
3539,Puglia,Olive,Olive_Rainfed,Puglia_Rainfed,4P,3-Xf-I,0,0.024
3540,Puglia,Olive,Olive_Rainfed,Puglia_Rainfed,4P,3-Xf-I,0,0.004
3541,Puglia,Olive,Olive_Rainfed,Puglia_Rainfed,4P,3-Xf-I,0,0.029
3556,Puglia,Olive,Olive_Rainfed,Puglia_Rainfed,4P,3-Xf-I,0,0.004
3572,Puglia,Olive,Olive_Rainfed,Puglia_Rainfed,4P,3-Xf-I,0,0.069
3576,Puglia,Olive,Olive_Rainfed,Puglia_Rainfed,4P,3-Xf-I,0,0.021
3577,Puglia,Olive,Olive_Rainfed,Puglia_Rainfed,4P,3-Xf-I,0,0.199
3578,Puglia,Olive,Olive_Rainfed,Puglia_Rainfed,4P,3-Xf-I,0,0.076
3579,Puglia,Olive,Olive_Rainfed,Puglia_Rainfed,4P,3-Xf-I,0,0.127
3580,Puglia,Olive,Olive_Rainfed,Puglia_Rainfed,4P,3-Xf-I,0,0.014
3581,Puglia,Olive,Olive_Rainfed,Puglia_Rainfed,4P,3-Xf-I,0,0.165
3582,Puglia,Olive,Olive_Rainfed,Puglia_Rainfed,4P,3-Xf-I,0,0.015
3601,Puglia,Olive,Olive_Rainfed,Puglia_Rainfed,4P,3-Xf-I,0,0.069
3603,Puglia,Olive,Olive_Rainfed,Puglia_Rainfed,4P,3-Xf-I,0,0.052
3604,Puglia,Olive,Olive_Rainfed,Puglia_Rainfed,4P,3-Xf-I,0,0.048
3605,Puglia,Olive,Olive_Rainfed,Puglia_Rainfed,4P,3-Xf-I,0,0.04
3606,Puglia,Olive,Olive_Rainfed,Puglia_Rainfed,4P,3-Xf-I,0,0.033
3607,Puglia,Olive,Olive_Rainfed,Puglia_Rainfed,4P,3-Xf-I,0,0.058
3608,Puglia,Olive,Olive_Rainfed,Puglia_Rainfed,4P,3-Xf-I,0,0.045
3609,Puglia,Olive,Olive_Rainfed,Puglia_Rainfed,4P,3-Xf-I,0,0.038
3610,Puglia,Olive,Olive_Rainfed,Puglia_Rainfed,4P,3-Xf-I,0,0.076
3611,Puglia,Olive,Olive_Rainfed,Puglia_Rainfed,4P,3-Xf-I,0,0.003
3612,Puglia,Olive,Olive_Rainfed,Puglia_Rainfed,4P,3-Xf-I,0,0.06
3620,Puglia,Olive,Olive_Rainfed,Puglia_Rainfed,4P,3-Xf-I,0,0.014
3621,Puglia,Olive,Olive_Rainfed,Puglia_Rainfed,4P,3-Xf-I,0,0.012
3622,Puglia,Olive,Olive_Rainfed,Puglia_Rainfed,4P,3-Xf-I,0,0.015
3623,Puglia,Olive,Olive_Rainfed,Puglia_Rainfed,4P,3-Xf-I,0,0.037
3643,Puglia,Olive,Olive_Rainfed,Puglia_Rainfed,4P,3-Xf-I,0,0.01
3644,Puglia,Olive,Olive_Rainfed,Puglia_Rainfed,4P,3-Xf-I,0,0.001
3645,Puglia,Olive,Olive_Rainfed,Puglia_Rainfed,4P,3-Xf-I,0,0.001
3646,Puglia,Olive,Olive_Rainfed,Puglia_Rainfed,4P,3-Xf-I,0,0.007
3649,Puglia,Olive,Olive_Rainfed,Puglia_Rainfed,4P,3-Xf-I,0,0.01
3650,Puglia,Olive,Olive_Rainfed,Puglia_Rainfed,4P,3-Xf-I,0,0.018
3654,Puglia,Olive,Olive_Rainfed,Puglia_Rainfed,4P,3-Xf-I,0,0.01
3655,Puglia,Olive,Olive_Rainfed,Puglia_Rainfed,4P,3-Xf-I,0,0.001
3662,Puglia,Olive,Olive_Rainfed,Puglia_Rainfed,4P,3-Xf-I,0,0.01
3668,Puglia,Olive,Olive_Rainfed,Puglia_Rainfed,4P,3-Xf-I,0,0.05
3669,Puglia,Olive,Olive_Rainfed,Puglia_Rainfed,4P,3-Xf-I,0,0.053
3671,Puglia,Olive,Olive_Rainfed,Puglia_Rainfed,4P,3-Xf-I,0,0.075
3689,Puglia,Olive,Olive_Rainfed,Puglia_Rainfed,4P,3-Xf-I,0,0.04
3690,Puglia,Olive,Olive_Rainfed,Puglia_Rainfed,4P,3-Xf-I,0,0.108
3691,Puglia,Olive,Olive_Rainfed,Puglia_Rainfed,4P,3-Xf-I,0,0.034
3692,Puglia,Olive,Olive_Rainfed,Puglia_Rainfed,4P,3-Xf-I,0,0.085
3693,Puglia,Olive,Olive_Rainfed,Puglia_Rainfed,4P,3-Xf-I,0,0.11
3694,Puglia,Olive,Olive_Rainfed,Puglia_Rainfed,4P,3-Xf-I,0,0.056
3695,Puglia,Olive,Olive_Rainfed,Puglia_Rainfed,4P,3-Xf-I,0,0.068
3696,Puglia,Olive,Olive_Rainfed,Puglia_Rainfed,4P,3-Xf-I,0,0.131
3697,Puglia,Olive,Olive_Rainfed,Puglia_Rainfed,4P,3-Xf-I,0,0.102
3698,Puglia,Olive,Olive_Rainfed,Puglia_Rainfed,4P,3-Xf-I,0,0.078
3699,Puglia,Olive,Olive_Rainfed,Puglia_Rainfed,4P,3-Xf-I,0,0.085
3700,Puglia,Olive,Olive_Rainfed,Puglia_Rainfed,4P,3-Xf-I,0,0.098
3701,Puglia,Olive,Olive_Rainfed,Puglia_Rainfed,4P,3-Xf-I,0,0.073
3702,Puglia,Olive,Olive_Rainfed,Puglia_Rainfed,4P,3-Xf-I,0,0.099
3703,Puglia,Olive,Olive_Rainfed,Puglia_Rainfed,4P,3-Xf-I,0,0.089
3718,Puglia,Olive,Olive_Rainfed,Puglia_Rainfed,4P,3-Xf-I,0,0.019
3719,Puglia,Olive,Olive_Rainfed,Puglia_Rainfed,4P,3-Xf-I,0,0.191
3720,Puglia,Olive,Olive_Rainfed,Puglia_Rainfed,4P,3-Xf-I,0,0.089
3721,Puglia,Olive,Olive_Rainfed,Puglia_Rainfed,4P,3-Xf-I,0,0.058
3722,Puglia,Olive,Olive_Rainfed,Puglia_Rainfed,4P,3-Xf-I,0,0.144
3723,Puglia,Olive,Olive_Rainfed,Puglia_Rainfed,4P,3-Xf-I,0,0.14
3726,Puglia,Olive,Olive_Rainfed,Puglia_Rainfed,4P,3-Xf-I,0,0.146
3727,Puglia,Olive,Olive_Rainfed,Puglia_Rainfed,4P,3-Xf-I,0,0.165
3728,Puglia,Olive,Olive_Rainfed,Puglia_Rainfed,4P,3-Xf-I,0,0.08
3729,Puglia,Olive,Olive_Rainfed,Puglia_Rainfed,4P,3-Xf-I,0,0.124
3730,Puglia,Olive,Olive_Rainfed,Puglia_Rainfed,4P,3-Xf-I,0,0.092
3731,Puglia,Olive,Olive_Rainfed,Puglia_Rainfed,4P,3-Xf-I,0,0.017
3732,Puglia,Olive,Olive_Rainfed,Puglia_Rainfed,4P,3-Xf-I,0,0.058
3733,Puglia,Olive,Olive_Rainfed,Puglia_Rainfed,4P,3-Xf-I,0,0.057
3734,Puglia,Olive,Olive_Rainfed,Puglia_Rainfed,4P,3-Xf-I,0,0.058
3736,Puglia,Olive,Olive_Rainfed,Puglia_Rainfed,4P,3-Xf-I,0,0.05
3738,Puglia,Olive,Olive_Rainfed,Puglia_Rainfed,4P,3-Xf-I,0,0.026
3740,Puglia,Olive,Olive_Rainfed,Puglia_Rainfed,4P,3-Xf-I,0,0.045
3741,Puglia,Olive,Olive_Rainfed,Puglia_Rainfed,4P,3-Xf-I,0,0.018
3742,Puglia,Olive,Olive_Rainfed,Puglia_Rainfed,4P,3-Xf-I,0,0.031
3743,Puglia,Olive,Olive_Rainfed,Puglia_Rainfed,4P,3-Xf-I,0,0.027
3755,Puglia,Olive,Olive_Rainfed,Puglia_Rainfed,4P,3-Xf-I,0,0.002
3757,Puglia,Olive,Olive_Rainfed,Puglia_Rainfed,4P,3-Xf-I,0,0.012
3758,Puglia,Olive,Olive_Rainfed,Puglia_Rainfed,4P,3-Xf-I,0,0.021
3760,Puglia,Olive,Olive_Rainfed,Puglia_Rainfed,4P,3-Xf-I,0,0.067
3761,Puglia,Olive,Olive_Rainfed,Puglia_Rainfed,4P,3-Xf-I,0,0.009
3764,Puglia,Olive,Olive_Rainfed,Puglia_Rainfed,4P,3-Xf-I,0,0.007
3765,Puglia,Olive,Olive_Rainfed,Puglia_Rainfed,4P,3-Xf-I,0,0.004
3776,Puglia,Olive,Olive_Rainfed,Puglia_Rainfed,4P,3-Xf-I,0,0.011
3778,Puglia,Olive,Olive_Rainfed,Puglia_Rainfed,4P,3-Xf-I,0,0.005
3779,Puglia,Olive,Olive_Rainfed,Puglia_Rainfed,4P,3-Xf-I,0,0.021
3793,Puglia,Olive,Olive_Rainfed,Puglia_Rainfed,4P,3-Xf-I,0,0.044
3794,Puglia,Olive,Olive_Rainfed,Puglia_Rainfed,4P,3-Xf-I,0,0.02
3795,Puglia,Olive,Olive_Rainfed,Puglia_Rainfed,4P,3-Xf-I,0,0.017
3797,Puglia,Olive,Olive_Rainfed,Puglia_Rainfed,4P,3-Xf-I,0,0.003
3798,Puglia,Olive,Olive_Rainfed,Puglia_Rainfed,4P,3-Xf-I,0,0.001
3799,Puglia,Olive,Olive_Rainfed,Puglia_Rainfed,4P,3-Xf-I,0,0.042
3800,Puglia,Olive,Olive_Rainfed,Puglia_Rainfed,4P,3-Xf-I,0,0.043
3812,Puglia,Olive,Olive_Rainfed,Puglia_Rainfed,4P,3-Xf-I,0,0.013
3814,Puglia,Olive,Olive_Rainfed,Puglia_Rainfed,4P,3-Xf-I,0,0.015
3817,Puglia,Olive,Olive_Rainfed,Puglia_Rainfed,4P,3-Xf-I,0,0.04
3818,Puglia,Olive,Olive_Rainfed,Puglia_Rainfed,4P,3-Xf-I,0,0.032
3819,Puglia,Olive,Olive_Rainfed,Puglia_Rainfed,4P,3-Xf-I,0,0.004
3820,Puglia,Olive,Olive_Rainfed,Puglia_Rainfed,4P,3-Xf-I,0,0.025
3821,Puglia,Olive,Olive_Rainfed,Puglia_Rainfed,4P,3-Xf-I,0,0.052
3822,Puglia,Olive,Olive_Rainfed,Puglia_Rainfed,4P,3-Xf-I,0,0.033
3823,Puglia,Olive,Olive_Rainfed,Puglia_Rainfed,4P,3-Xf-I,0,0.033
3824,Puglia,Olive,Olive_Rainfed,Puglia_Rainfed,4P,3-Xf-I,0,0.014
3833,Puglia,Olive,Olive_Rainfed,Puglia_Rainfed,4P,3-Xf-I,0,0.04
3834,Puglia,Olive,Olive_Rainfed,Puglia_Rainfed,4P,3-Xf-I,0,0.012
3835,Puglia,Olive,Olive_Rainfed,Puglia_Rainfed,4P,3-Xf-I,0,0.009
3836,Puglia,Olive,Olive_Rainfed,Puglia_Rainfed,4P,3-Xf-I,0,0.02
3847,Puglia,Olive,Olive_Rainfed,Puglia_Rainfed,4P,3-Xf-I,0,0.037
3848,Puglia,Olive,Olive_Rainfed,Puglia_Rainfed,4P,3-Xf-I,0,0.021
3849,Puglia,Olive,Olive_Rainfed,Puglia_Rainfed,4P,3-Xf-I,0,0.045
3850,Puglia,Olive,Olive_Rainfed,Puglia_Rainfed,4P,3-Xf-I,0,0.04
3851,Puglia,Olive,Olive_Rainfed,Puglia_Rainfed,4P,3-Xf-I,0,0.006
3853,Puglia,Olive,Olive_Rainfed,Puglia_Rainfed,4P,3-Xf-I,0,0.024
3854,Puglia,Olive,Olive_Rainfed,Puglia_Rainfed,4P,3-Xf-I,0,0.011
3855,Puglia,Olive,Olive_Rainfed,Puglia_Rainfed,4P,3-Xf-I,0,0.054
3856,Puglia,Olive,Olive_Rainfed,Puglia_Rainfed,4P,3-Xf-I,0,0.079
3857,Puglia,Olive,Olive_Rainfed,Puglia_Rainfed,4P,3-Xf-I,0,0.028
3859,Puglia,Olive,Olive_Rainfed,Puglia_Rainfed,4P,3-Xf-I,0,0.027
3861,Puglia,Olive,Olive_Rainfed,Puglia_Rainfed,4P,3-Xf-I,0,0.007
3863,Puglia,Olive,Olive_Rainfed,Puglia_Rainfed,4P,3-Xf-I,0,0.034
3864,Puglia,Olive,Olive_Rainfed,Puglia_Rainfed,4P,3-Xf-I,0,0.005
3865,Puglia,Olive,Olive_Rainfed,Puglia_Rainfed,4P,3-Xf-I,0,0.027
3884,Puglia,Olive,Olive_Rainfed,Puglia_Rainfed,4P,3-Xf-I,0,0.028
3885,Puglia,Olive,Olive_Rainfed,Puglia_Rainfed,4P,3-Xf-I,0,0.034
3888,Puglia,Olive,Olive_Rainfed,Puglia_Rainfed,4P,3-Xf-I,0,0.07
3889,Puglia,Olive,Olive_Rainfed,Puglia_Rainfed,4P,3-Xf-I,0,0.078
3892,Puglia,Olive,Olive_Rainfed,Puglia_Rainfed,4P,3-Xf-I,0,0.027
3893,Puglia,Olive,Olive_Rainfed,Puglia_Rainfed,4P,3-Xf-I,0,0.037
3894,Puglia,Olive,Olive_Rainfed,Puglia_Rainfed,4P,3-Xf-I,0,0.049
3900,Puglia,Olive,Olive_Rainfed,Puglia_Rainfed,4P,3-Xf-I,0,0.044
3901,Puglia,Olive,Olive_Rainfed,Puglia_Rainfed,4P,3-Xf-I,0,0.064
3902,Puglia,Olive,Olive_Rainfed,Puglia_Rainfed,4P,3-Xf-I,0,0.031
3905,Puglia,Olive,Olive_Rainfed,Puglia_Rainfed,4P,3-Xf-I,0,0.018
3942,Puglia,Olive,Olive_Rainfed,Puglia_Rainfed,4P,3-Xf-I,0,0.022
3943,Puglia,Olive,Olive_Rainfed,Puglia_Rainfed,4P,3-Xf-I,0,0.014
3944,Puglia,Olive,Olive_Rainfed,Puglia_Rainfed,4P,3-Xf-I,0,0.007
3945,Puglia,Olive,Olive_Rainfed,Puglia_Rainfed,4P,3-Xf-I,0,0.044
3946,Puglia,Olive,Olive_Rainfed,Puglia_Rainfed,4P,3-Xf-I,0,0.031
3960,Puglia,Olive,Olive_Rainfed,Puglia_Rainfed,4P,3-Xf-I,0,0.032
3961,Puglia,Olive,Olive_Rainfed,Puglia_Rainfed,4P,3-Xf-I,0,0.018
3962,Puglia,Olive,Olive_Rainfed,Puglia_Rainfed,4P,3-Xf-I,0,0.093
3963,Puglia,Olive,Olive_Rainfed,Puglia_Rainfed,4P,3-Xf-I,0,0.031
3964,Puglia,Olive,Olive_Rainfed,Puglia_Rainfed,4P,3-Xf-I,0,0.035
3965,Puglia,Olive,Olive_Rainfed,Puglia_Rainfed,4P,3-Xf-I,0,0.049
3966,Puglia,Olive,Olive_Rainfed,Puglia_Rainfed,4P,3-Xf-I,0,0.071
3967,Puglia,Olive,Olive_Rainfed,Puglia_Rainfed,4P,3-Xf-I,0,0.011
3968,Puglia,Olive,Olive_Rainfed,Puglia_Rainfed,4P,3-Xf-I,0,0.015
3969,Puglia,Olive,Olive_Rainfed,Puglia_Rainfed,4P,3-Xf-I,0,0.039
3970,Puglia,Olive,Olive_Rainfed,Puglia_Rainfed,4P,3-Xf-I,0,0.01
3971,Puglia,Olive,Olive_Rainfed,Puglia_Rainfed,4P,3-Xf-I,0,0.049
3972,Puglia,Olive,Olive_Rainfed,Puglia_Rainfed,4P,3-Xf-I,0,0.042
3976,Puglia,Olive,Olive_Rainfed,Puglia_Rainfed,4P,3-Xf-I,0,0.036
3980,Puglia,Olive,Olive_Rainfed,Puglia_Rainfed,4P,3-Xf-I,0,0.042
3981,Puglia,Olive,Olive_Rainfed,Puglia_Rainfed,4P,3-Xf-I,0,0.074
3982,Puglia,Olive,Olive_Rainfed,Puglia_Rainfed,4P,3-Xf-I,0,0.07
3983,Puglia,Olive,Olive_Rainfed,Puglia_Rainfed,4P,3-Xf-I,0,0.03
3984,Puglia,Olive,Olive_Rainfed,Puglia_Rainfed,4P,3-Xf-I,0,0.005
3985,Puglia,Olive,Olive_Rainfed,Puglia_Rainfed,4P,3-Xf-I,0,0.01
3986,Puglia,Olive,Olive_Rainfed,Puglia_Rainfed,4P,3-Xf-I,0,0.1
3996,Puglia,Olive,Olive_Rainfed,Puglia_Rainfed,4P,3-Xf-I,0,0.028
3997,Puglia,Olive,Olive_Rainfed,Puglia_Rainfed,4P,3-Xf-I,0,0.047
3998,Puglia,Olive,Olive_Rainfed,Puglia_Rainfed,4P,3-Xf-I,0,0.03
3999,Puglia,Olive,Olive_Rainfed,Puglia_Rainfed,4P,3-Xf-I,0,0.054
4000,Puglia,Olive,Olive_Rainfed,Puglia_Rainfed,4P,3-Xf-I,0,0.101
4001,Puglia,Olive,Olive_Rainfed,Puglia_Rainfed,4P,3-Xf-I,0,0.014
4002,Puglia,Olive,Olive_Rainfed,Puglia_Rainfed,4P,3-Xf-I,0,0.043
4003,Puglia,Olive,Olive_Rainfed,Puglia_Rainfed,4P,3-Xf-I,0,0.1
4004,Puglia,Olive,Olive_Rainfed,Puglia_Rainfed,4P,3-Xf-I,0,0.121
4007,Puglia,Olive,Olive_Rainfed,Puglia_Rainfed,4P,3-Xf-I,0,0.014
4008,Puglia,Olive,Olive_Rainfed,Puglia_Rainfed,4P,3-Xf-I,0,0.052
4016,Puglia,Olive,Olive_Rainfed,Puglia_Rainfed,4P,3-Xf-I,0,0.089
4017,Puglia,Olive,Olive_Rainfed,Puglia_Rainfed,4P,3-Xf-I,0,0.075
4019,Puglia,Olive,Olive_Rainfed,Puglia_Rainfed,4P,3-Xf-I,0,0.053
4022,Puglia,Olive,Olive_Rainfed,Puglia_Rainfed,4P,3-Xf-I,0,0.017
4023,Puglia,Olive,Olive_Rainfed,Puglia_Rainfed,4P,3-Xf-I,0,0.017
4024,Puglia,Olive,Olive_Rainfed,Puglia_Rainfed,4P,3-Xf-I,0,0.015
4025,Puglia,Olive,Olive_Rainfed,Puglia_Rainfed,4P,3-Xf-I,0,0.017
4026,Puglia,Olive,Olive_Rainfed,Puglia_Rainfed,4P,3-Xf-I,0,0.036
4035,Puglia,Olive,Olive_Rainfed,Puglia_Rainfed,4P,3-Xf-I,0,0.031
4036,Puglia,Olive,Olive_Rainfed,Puglia_Rainfed,4P,3-Xf-I,0,0.043
4037,Puglia,Olive,Olive_Rainfed,Puglia_Rainfed,4P,3-Xf-I,0,0.034
4039,Puglia,Olive,Olive_Rainfed,Puglia_Rainfed,4P,3-Xf-I,0,0.054
4040,Puglia,Olive,Olive_Rainfed,Puglia_Rainfed,4P,3-Xf-I,0,0.062
4041,Puglia,Olive,Olive_Rainfed,Puglia_Rainfed,4P,3-Xf-I,0,0.033
4042,Puglia,Olive,Olive_Rainfed,Puglia_Rainfed,4P,3-Xf-I,0,0.053
4043,Puglia,Olive,Olive_Rainfed,Puglia_Rainfed,4P,3-Xf-I,0,0.055
4055,Puglia,Olive,Olive_Rainfed,Puglia_Rainfed,4P,3-Xf-I,0,0.007
4056,Puglia,Olive,Olive_Rainfed,Puglia_Rainfed,4P,3-Xf-I,0,0.024
4057,Puglia,Olive,Olive_Rainfed,Puglia_Rainfed,4P,3-Xf-I,0,0.058
4058,Puglia,Olive,Olive_Rainfed,Puglia_Rainfed,4P,3-Xf-I,0,0.034
4059,Puglia,Olive,Olive_Rainfed,Puglia_Rainfed,4P,3-Xf-I,0,0.03
4060,Puglia,Olive,Olive_Rainfed,Puglia_Rainfed,4P,3-Xf-I,0,0.038
4061,Puglia,Olive,Olive_Rainfed,Puglia_Rainfed,4P,3-Xf-I,0,0.061
4063,Puglia,Olive,Olive_Rainfed,Puglia_Rainfed,4P,3-Xf-I,0,0.055
4064,Puglia,Olive,Olive_Rainfed,Puglia_Rainfed,4P,3-Xf-I,0,0.043
4065,Puglia,Olive,Olive_Rainfed,Puglia_Rainfed,4P,3-Xf-I,0,0.02
4066,Puglia,Olive,Olive_Rainfed,Puglia_Rainfed,4P,3-Xf-I,0,0.034
4067,Puglia,Olive,Olive_Rainfed,Puglia_Rainfed,4P,3-Xf-I,0,0.059
4075,Puglia,Olive,Olive_Rainfed,Puglia_Rainfed,4P,3-Xf-I,0,0.091
4076,Puglia,Olive,Olive_Rainfed,Puglia_Rainfed,4P,3-Xf-I,0,0.044
4077,Puglia,Olive,Olive_Rainfed,Puglia_Rainfed,4P,3-Xf-I,0,0.117
4078,Puglia,Olive,Olive_Rainfed,Puglia_Rainfed,4P,3-Xf-I,0,0.031
4079,Puglia,Olive,Olive_Rainfed,Puglia_Rainfed,4P,3-Xf-I,0,0.061
4080,Puglia,Olive,Olive_Rainfed,Puglia_Rainfed,4P,3-Xf-I,0,0.071
4081,Puglia,Olive,Olive_Rainfed,Puglia_Rainfed,4P,3-Xf-I,0,0.055
4094,Puglia,Olive,Olive_Rainfed,Puglia_Rainfed,4P,3-Xf-I,0,0.049
4095,Puglia,Olive,Olive_Rainfed,Puglia_Rainfed,4P,3-Xf-I,0,0.021
4096,Puglia,Olive,Olive_Rainfed,Puglia_Rainfed,4P,3-Xf-I,0,0.05
4097,Puglia,Olive,Olive_Rainfed,Puglia_Rainfed,4P,3-Xf-I,0,0.02
4098,Puglia,Olive,Olive_Rainfed,Puglia_Rainfed,4P,3-Xf-I,0,0.018
4099,Puglia,Olive,Olive_Rainfed,Puglia_Rainfed,4P,3-Xf-I,0,0.048
4100,Puglia,Olive,Olive_Rainfed,Puglia_Rainfed,4P,3-Xf-I,0,0.067
4101,Puglia,Olive,Olive_Rainfed,Puglia_Rainfed,4P,3-Xf-I,0,0.045
4102,Puglia,Olive,Olive_Rainfed,Puglia_Rainfed,4P,3-Xf-I,0,0.018
4103,Puglia,Olive,Olive_Rainfed,Puglia_Rainfed,4P,3-Xf-I,0,0.038
4104,Puglia,Olive,Olive_Rainfed,Puglia_Rainfed,4P,3-Xf-I,0,0.066
4105,Puglia,Olive,Olive_Rainfed,Puglia_Rainfed,4P,3-Xf-I,0,0.039
4106,Puglia,Olive,Olive_Rainfed,Puglia_Rainfed,4P,3-Xf-I,0,0.025
4107,Puglia,Olive,Olive_Rainfed,Puglia_Rainfed,4P,3-Xf-I,0,0.057
4115,Puglia,Olive,Olive_Rainfed,Puglia_Rainfed,4P,3-Xf-I,0,0.027
4116,Puglia,Olive,Olive_Rainfed,Puglia_Rainfed,4P,3-Xf-I,0,0.032
4117,Puglia,Olive,Olive_Rainfed,Puglia_Rainfed,4P,3-Xf-I,0,0.014
4130,Puglia,Olive,Olive_Rainfed,Puglia_Rainfed,4P,3-Xf-I,0,0.055
4131,Puglia,Olive,Olive_Rainfed,Puglia_Rainfed,4P,3-Xf-I,0,0.003
4132,Puglia,Olive,Olive_Rainfed,Puglia_Rainfed,4P,3-Xf-I,0,0.037
4133,Puglia,Olive,Olive_Rainfed,Puglia_Rainfed,4P,3-Xf-I,0,0.033
4134,Puglia,Olive,Olive_Rainfed,Puglia_Rainfed,4P,3-Xf-I,0,0.025
4137,Puglia,Olive,Olive_Rainfed,Puglia_Rainfed,4P,3-Xf-I,0,0.067
4138,Puglia,Olive,Olive_Rainfed,Puglia_Rainfed,4P,3-Xf-I,0,0.021
4139,Puglia,Olive,Olive_Rainfed,Puglia_Rainfed,4P,3-Xf-I,0,0.083
4141,Puglia,Olive,Olive_Rainfed,Puglia_Rainfed,4P,3-Xf-I,0,0.009
4143,Puglia,Olive,Olive_Rainfed,Puglia_Rainfed,4P,3-Xf-I,0,0.011
4144,Puglia,Olive,Olive_Rainfed,Puglia_Rainfed,4P,3-Xf-I,0,0.064
4145,Puglia,Olive,Olive_Rainfed,Puglia_Rainfed,4P,3-Xf-I,0,0.012
4147,Puglia,Olive,Olive_Rainfed,Puglia_Rainfed,4P,3-Xf-I,0,0.058
4168,Puglia,Olive,Olive_Rainfed,Puglia_Rainfed,4P,3-Xf-I,0,0.004
4169,Puglia,Olive,Olive_Rainfed,Puglia_Rainfed,4P,3-Xf-I,0,0.006
4170,Puglia,Olive,Olive_Rainfed,Puglia_Rainfed,4P,3-Xf-I,0,0.001
4171,Puglia,Olive,Olive_Rainfed,Puglia_Rainfed,4P,3-Xf-I,0,0.001
4173,Puglia,Olive,Olive_Rainfed,Puglia_Rainfed,4P,3-Xf-I,0,0.007
4174,Puglia,Olive,Olive_Rainfed,Puglia_Rainfed,4P,3-Xf-I,0,0.001
4175,Puglia,Olive,Olive_Rainfed,Puglia_Rainfed,4P,3-Xf-I,0,0.018
4176,Puglia,Olive,Olive_Rainfed,Puglia_Rainfed,4P,3-Xf-I,0,0.013
4177,Puglia,Olive,Olive_Rainfed,Puglia_Rainfed,4P,3-Xf-I,0,0.032
4183,Puglia,Olive,Olive_Rainfed,Puglia_Rainfed,4P,3-Xf-I,0,0.077
4184,Puglia,Olive,Olive_Rainfed,Puglia_Rainfed,4P,3-Xf-I,0,0.037
4186,Puglia,Olive,Olive_Rainfed,Puglia_Rainfed,4P,3-Xf-I,0,0.031
4205,Puglia,Olive,Olive_Rainfed,Puglia_Rainfed,4P,3-Xf-I,0,0.018
4206,Puglia,Olive,Olive_Rainfed,Puglia_Rainfed,4P,3-Xf-I,0,0.012
4207,Puglia,Olive,Olive_Rainfed,Puglia_Rainfed,4P,3-Xf-I,0,0.022
4209,Puglia,Olive,Olive_Rainfed,Puglia_Rainfed,4P,3-Xf-I,0,0.012
4210,Puglia,Olive,Olive_Rainfed,Puglia_Rainfed,4P,3-Xf-I,0,0.024
4214,Puglia,Olive,Olive_Rainfed,Puglia_Rainfed,4P,3-Xf-I,0,0.02
4215,Puglia,Olive,Olive_Rainfed,Puglia_Rainfed,4P,3-Xf-I,0,0.039
4217,Puglia,Olive,Olive_Rainfed,Puglia_Rainfed,4P,3-Xf-I,0,0.039
4219,Puglia,Olive,Olive_Rainfed,Puglia_Rainfed,4P,3-Xf-I,0,0.205
4220,Puglia,Olive,Olive_Rainfed,Puglia_Rainfed,4P,3-Xf-I,0,0.014
4221,Puglia,Olive,Olive_Rainfed,Puglia_Rainfed,4P,3-Xf-I,0,0.021
4223,Puglia,Olive,Olive_Rainfed,Puglia_Rainfed,4P,3-Xf-I,0,0.037
4224,Puglia,Olive,Olive_Rainfed,Puglia_Rainfed,4P,3-Xf-I,0,0.005
4225,Puglia,Olive,Olive_Rainfed,Puglia_Rainfed,4P,3-Xf-I,0,0.006
4226,Puglia,Olive,Olive_Rainfed,Puglia_Rainfed,4P,3-Xf-I,0,0.01
4446,Puglia,Olive,Olive_Rainfed,Puglia_Rainfed,4P,3-Xf-I,0,0.014
4447,Puglia,Olive,Olive_Rainfed,Puglia_Rainfed,4P,3-Xf-I,0,0.022
4448,Puglia,Olive,Olive_Rainfed,Puglia_Rainfed,4P,3-Xf-I,0,0.013
4449,Puglia,Olive,Olive_Rainfed,Puglia_Rainfed,4P,3-Xf-I,0,0.039
4450,Puglia,Olive,Olive_Rainfed,Puglia_Rainfed,4P,3-Xf-I,0,0.033
4451,Puglia,Olive,Olive_Rainfed,Puglia_Rainfed,4P,3-Xf-I,0,0.057
4452,Puglia,Olive,Olive_Rainfed,Puglia_Rainfed,4P,3-Xf-I,0,0.049
4478,Puglia,Olive,Olive_Rainfed,Puglia_Rainfed,4P,3-Xf-I,0,0.011
4483,Puglia,Olive,Olive_Rainfed,Puglia_Rainfed,4P,3-Xf-I,0,0.01
4501,Puglia,Olive,Olive_Rainfed,Puglia_Rainfed,4P,3-Xf-I,0,0.01
4504,Puglia,Olive,Olive_Rainfed,Puglia_Rainfed,4P,3-Xf-I,0,0.011
4506,Puglia,Olive,Olive_Rainfed,Puglia_Rainfed,4P,3-Xf-I,0,0.012
4507,Puglia,Olive,Olive_Rainfed,Puglia_Rainfed,4P,3-Xf-I,0,0.006
4511,Puglia,Olive,Olive_Rainfed,Puglia_Rainfed,4P,3-Xf-I,0,0.013
4532,Puglia,Olive,Olive_Rainfed,Puglia_Rainfed,4P,3-Xf-I,0,0.042
4533,Puglia,Olive,Olive_Rainfed,Puglia_Rainfed,4P,3-Xf-I,0,0.032
4534,Puglia,Olive,Olive_Rainfed,Puglia_Rainfed,4P,3-Xf-I,0,0.054
4536,Puglia,Olive,Olive_Rainfed,Puglia_Rainfed,4P,3-Xf-I,0,0.052
4537,Puglia,Olive,Olive_Rainfed,Puglia_Rainfed,4P,3-Xf-I,0,0.063
4538,Puglia,Olive,Olive_Rainfed,Puglia_Rainfed,4P,3-Xf-I,0,0.035
4539,Puglia,Olive,Olive_Rainfed,Puglia_Rainfed,4P,3-Xf-I,0,0.034
4541,Puglia,Olive,Olive_Rainfed,Puglia_Rainfed,4P,3-Xf-I,0,0.055
4542,Puglia,Olive,Olive_Rainfed,Puglia_Rainfed,4P,3-Xf-I,0,0.072
4543,Puglia,Olive,Olive_Rainfed,Puglia_Rainfed,4P,3-Xf-I,0,0.052
4544,Puglia,Olive,Olive_Rainfed,Puglia_Rainfed,4P,3-Xf-I,0,0.035
4545,Puglia,Olive,Olive_Rainfed,Puglia_Rainfed,4P,3-Xf-I,0,0.05
4546,Puglia,Olive,Olive_Rainfed,Puglia_Rainfed,4P,3-Xf-I,0,0.02
4547,Puglia,Olive,Olive_Rainfed,Puglia_Rainfed,4P,3-Xf-I,0,0.019
4548,Puglia,Olive,Olive_Rainfed,Puglia_Rainfed,4P,3-Xf-I,0,0.014
4549,Puglia,Olive,Olive_Rainfed,Puglia_Rainfed,4P,3-Xf-I,0,0.08
4551,Puglia,Olive,Olive_Rainfed,Puglia_Rainfed,4P,3-Xf-I,0,0.009
4552,Puglia,Olive,Olive_Rainfed,Puglia_Rainfed,4P,3-Xf-I,0,0.02
4554,Puglia,Olive,Olive_Rainfed,Puglia_Rainfed,4P,3-Xf-I,0,0.064
4574,Puglia,Olive,Olive_Rainfed,Puglia_Rainfed,4P,3-Xf-I,0,0.013
4575,Puglia,Olive,Olive_Rainfed,Puglia_Rainfed,4P,3-Xf-I,0,0.111
4576,Puglia,Olive,Olive_Rainfed,Puglia_Rainfed,4P,3-Xf-I,0,0.083
4577,Puglia,Olive,Olive_Rainfed,Puglia_Rainfed,4P,3-Xf-I,0,0.107
4578,Puglia,Olive,Olive_Rainfed,Puglia_Rainfed,4P,3-Xf-I,0,0.127
4579,Puglia,Olive,Olive_Rainfed,Puglia_Rainfed,4P,3-Xf-I,0,0.107
4580,Puglia,Olive,Olive_Rainfed,Puglia_Rainfed,4P,3-Xf-I,0,0.119
4581,Puglia,Olive,Olive_Rainfed,Puglia_Rainfed,4P,3-Xf-I,0,0.038
4582,Puglia,Olive,Olive_Rainfed,Puglia_Rainfed,4P,3-Xf-I,0,0.117
4583,Puglia,Olive,Olive_Rainfed,Puglia_Rainfed,4P,3-Xf-I,0,0.074
4584,Puglia,Olive,Olive_Rainfed,Puglia_Rainfed,4P,3-Xf-I,0,0.114
4585,Puglia,Olive,Olive_Rainfed,Puglia_Rainfed,4P,3-Xf-I,0,0.107
4586,Puglia,Olive,Olive_Rainfed,Puglia_Rainfed,4P,3-Xf-I,0,0.126
4587,Puglia,Olive,Olive_Rainfed,Puglia_Rainfed,4P,3-Xf-I,0,0.104
4588,Puglia,Olive,Olive_Rainfed,Puglia_Rainfed,4P,3-Xf-I,0,0.117
4589,Puglia,Olive,Olive_Rainfed,Puglia_Rainfed,4P,3-Xf-I,0,0.072
4590,Puglia,Olive,Olive_Rainfed,Puglia_Rainfed,4P,3-Xf-I,0,0.078
4591,Puglia,Olive,Olive_Rainfed,Puglia_Rainfed,4P,3-Xf-I,0,0.152
4628,Puglia,Olive,Olive_Rainfed,Puglia_Rainfed,4P,3-Xf-I,0,0.004
4632,Puglia,Olive,Olive_Rainfed,Puglia_Rainfed,4P,3-Xf-I,0,0.022
4634,Puglia,Olive,Olive_Rainfed,Puglia_Rainfed,4P,3-Xf-I,0,0.006
4635,Puglia,Olive,Olive_Rainfed,Puglia_Rainfed,4P,3-Xf-I,0,0.018
4638,Puglia,Olive,Olive_Rainfed,Puglia_Rainfed,4P,3-Xf-I,0,0.005
4639,Puglia,Olive,Olive_Rainfed,Puglia_Rainfed,4P,3-Xf-I,0,0.014
4640,Puglia,Olive,Olive_Rainfed,Puglia_Rainfed,4P,3-Xf-I,0,0.042
4641,Puglia,Olive,Olive_Rainfed,Puglia_Rainfed,4P,3-Xf-I,0,0.018
4642,Puglia,Olive,Olive_Rainfed,Puglia_Rainfed,4P,3-Xf-I,0,0.024
4644,Puglia,Olive,Olive_Rainfed,Puglia_Rainfed,4P,3-Xf-I,0,0.033
4645,Puglia,Olive,Olive_Rainfed,Puglia_Rainfed,4P,3-Xf-I,0,0.189
4646,Puglia,Olive,Olive_Rainfed,Puglia_Rainfed,4P,3-Xf-I,0,0.037
4647,Puglia,Olive,Olive_Rainfed,Puglia_Rainfed,4P,3-Xf-I,0,0.005
4649,Puglia,Olive,Olive_Rainfed,Puglia_Rainfed,4P,3-Xf-I,0,0.05
4650,Puglia,Olive,Olive_Rainfed,Puglia_Rainfed,4P,3-Xf-I,0,0.006
4652,Puglia,Olive,Olive_Rainfed,Puglia_Rainfed,4P,3-Xf-I,0,0.086
4653,Puglia,Olive,Olive_Rainfed,Puglia_Rainfed,4P,3-Xf-I,0,0.075
4654,Puglia,Olive,Olive_Rainfed,Puglia_Rainfed,4P,3-Xf-I,0,0.043
4655,Puglia,Olive,Olive_Rainfed,Puglia_Rainfed,4P,3-Xf-I,0,0.09
4657,Puglia,Olive,Olive_Rainfed,Puglia_Rainfed,4P,3-Xf-I,0,0.032
4658,Puglia,Olive,Olive_Rainfed,Puglia_Rainfed,4P,3-Xf-I,0,0.02
4659,Puglia,Olive,Olive_Rainfed,Puglia_Rainfed,4P,3-Xf-I,0,0.017
4660,Puglia,Olive,Olive_Rainfed,Puglia_Rainfed,4P,3-Xf-I,0,0.014
4661,Puglia,Olive,Olive_Rainfed,Puglia_Rainfed,4P,3-Xf-I,0,0.062
4662,Puglia,Olive,Olive_Rainfed,Puglia_Rainfed,4P,3-Xf-I,0,0.012
4681,Puglia,Olive,Olive_Rainfed,Puglia_Rainfed,4P,1-H-O,0,0.014
4682,Puglia,Olive,Olive_Rainfed,Puglia_Rainfed,4P,1-H-O,0,0.005
4684,Puglia,Olive,Olive_Rainfed,Puglia_Rainfed,4P,1-H-O,0,0.002
4685,Puglia,Olive,Olive_Rainfed,Puglia_Rainfed,4P,1-H-O,0,0.011
4686,Puglia,Olive,Olive_Rainfed,Puglia_Rainfed,4P,1-H-O,0,0.011
4687,Puglia,Olive,Olive_Rainfed,Puglia_Rainfed,4P,1-H-O,0,0.019
4689,Puglia,Olive,Olive_Rainfed,Puglia_Rainfed,4P,1-H-O,0,0.006
4690,Puglia,Olive,Olive_Rainfed,Puglia_Rainfed,4P,1-H-O,0,0.003
4691,Puglia,Olive,Olive_Rainfed,Puglia_Rainfed,4P,1-H-O,0,0.028
4693,Puglia,Olive,Olive_Rainfed,Puglia_Rainfed,4P,1-H-O,0,0.031
4695,Puglia,Olive,Olive_Rainfed,Puglia_Rainfed,4P,1-H-O,0,0.021
227,Mallorca,Almond,Almond_Irrigated,Mallorca_Irrigated,A-M,8-TP-Xf,0,0.02
228,Mallorca,Almond,Almond_Irrigated,Mallorca_Irrigated,A-M,8-TP-Xf,0,0.147
229,Mallorca,Almond,Almond_Irrigated,Mallorca_Irrigated,A-M,8-TP-Xf,0,0.039
230,Mallorca,Almond,Almond_Irrigated,Mallorca_Irrigated,A-M,8-TP-Xf,0,0.208
231,Mallorca,Almond,Almond_Irrigated,Mallorca_Irrigated,A-M,8-TP-Xf,0,0.001
232,Mallorca,Almond,Almond_Irrigated,Mallorca_Irrigated,A-M,8-TP-Xf,0,0.021
233,Mallorca,Almond,Almond_Irrigated,Mallorca_Irrigated,A-M,8-TP-Xf,0,0.05
237,Mallorca,Almond,Almond_Irrigated,Mallorca_Irrigated,A-M,8-TP-Xf,0,0.208
238,Mallorca,Almond,Almond_Irrigated,Mallorca_Irrigated,A-M,8-TP-Xf,0,0.035
239,Mallorca,Almond,Almond_Irrigated,Mallorca_Irrigated,A-M,8-TP-Xf,0,0.198
241,Mallorca,Almond,Almond_Irrigated,Mallorca_Irrigated,A-M,8-TP-Xf,0,0.001
244,Mallorca,Almond,Almond_Irrigated,Mallorca_Irrigated,A-M,8-TP-Xf,0,0.007
245,Mallorca,Almond,Almond_Irrigated,Mallorca_Irrigated,A-M,8-TP-Xf,0,0.047
246,Mallorca,Almond,Almond_Irrigated,Mallorca_Irrigated,A-M,8-TP-Xf,0,0.043
247,Mallorca,Almond,Almond_Irrigated,Mallorca_Irrigated,A-M,8-TP-Xf,0,0.033
438,Mallorca,Almond,Almond_Irrigated,Mallorca_Irrigated,A-M,8-TP-Xf,0,0.006
439,Mallorca,Almond,Almond_Irrigated,Mallorca_Irrigated,A-M,8-TP-Xf,0,0.043
443,Mallorca,Almond,Almond_Irrigated,Mallorca_Irrigated,A-M,8-TP-Xf,0,0.017
444,Mallorca,Almond,Almond_Irrigated,Mallorca_Irrigated,A-M,8-TP-Xf,0,0.07
445,Mallorca,Almond,Almond_Irrigated,Mallorca_Irrigated,A-M,8-TP-Xf,0,0.07
446,Mallorca,Almond,Almond_Irrigated,Mallorca_Irrigated,A-M,8-TP-Xf,0,0.011
447,Mallorca,Almond,Almond_Irrigated,Mallorca_Irrigated,A-M,8-TP-Xf,0,0.036
449,Mallorca,Almond,Almond_Irrigated,Mallorca_Irrigated,A-M,8-TP-Xf,0,0.026
561,Mallorca,Almond,Almond_Irrigated,Mallorca_Irrigated,A-M,8-TP-Xf,0,0.042
563,Mallorca,Almond,Almond_Irrigated,Mallorca_Irrigated,A-M,8-TP-Xf,0,0.09
565,Mallorca,Almond,Almond_Irrigated,Mallorca_Irrigated,A-M,8-TP-Xf,0,0.013
566,Mallorca,Almond,Almond_Irrigated,Mallorca_Irrigated,A-M,8-TP-Xf,0,0.066
568,Mallorca,Almond,Almond_Irrigated,Mallorca_Irrigated,A-M,8-TP-Xf,0,0.011
571,Mallorca,Almond,Almond_Irrigated,Mallorca_Irrigated,A-M,8-TP-Xf,0,0.005
573,Mallorca,Almond,Almond_Irrigated,Mallorca_Irrigated,A-M,8-TP-Xf,0,0.038
575,Mallorca,Almond,Almond_Irrigated,Mallorca_Irrigated,A-M,8-TP-Xf,0,0.094
577,Mallorca,Almond,Almond_Irrigated,Mallorca_Irrigated,A-M,8-TP-Xf,0,0.012
595,Mallorca,Almond,Almond_Irrigated,Mallorca_Irrigated,A-M,8-TP-Xf,0,0.105
596,Mallorca,Almond,Almond_Irrigated,Mallorca_Irrigated,A-M,8-TP-Xf,0,0.233
597,Mallorca,Almond,Almond_Irrigated,Mallorca_Irrigated,A-M,8-TP-Xf,0,0.22
599,Mallorca,Almond,Almond_Irrigated,Mallorca_Irrigated,A-M,8-TP-Xf,0,0.02
600,Mallorca,Almond,Almond_Irrigated,Mallorca_Irrigated,A-M,8-TP-Xf,0,0.197
601,Mallorca,Almond,Almond_Irrigated,Mallorca_Irrigated,A-M,8-TP-Xf,0,0.02
602,Mallorca,Almond,Almond_Irrigated,Mallorca_Irrigated,A-M,8-TP-Xf,0,0.071
605,Mallorca,Almond,Almond_Irrigated,Mallorca_Irrigated,A-M,8-TP-Xf,0,0.048
779,Mallorca,Almond,Almond_Irrigated,Mallorca_Irrigated,A-M,8-TP-Xf,0,0.172
780,Mallorca,Almond,Almond_Irrigated,Mallorca_Irrigated,A-M,8-TP-Xf,0,0.097
782,Mallorca,Almond,Almond_Irrigated,Mallorca_Irrigated,A-M,8-TP-Xf,0,0.011
784,Mallorca,Almond,Almond_Irrigated,Mallorca_Irrigated,A-M,8-TP-Xf,0,0.014
787,Mallorca,Almond,Almond_Irrigated,Mallorca_Irrigated,A-M,8-TP-Xf,0,0.057
789,Mallorca,Almond,Almond_Irrigated,Mallorca_Irrigated,A-M,8-TP-Xf,0,0.04
793,Mallorca,Almond,Almond_Irrigated,Mallorca_Irrigated,A-M,8-TP-Xf,0,0.08
860,Mallorca,Almond,Almond_Irrigated,Mallorca_Irrigated,A-M,8-TP-Xf,0,0.16
862,Mallorca,Almond,Almond_Irrigated,Mallorca_Irrigated,A-M,8-TP-Xf,0,0.052
863,Mallorca,Almond,Almond_Irrigated,Mallorca_Irrigated,A-M,8-TP-Xf,0,0.036
864,Mallorca,Almond,Almond_Irrigated,Mallorca_Irrigated,A-M,8-TP-Xf,0,0.003
925,Mallorca,Almond,Almond_Irrigated,Mallorca_Irrigated,A-M,8-TP-Xf,0,0.107
931,Mallorca,Almond,Almond_Irrigated,Mallorca_Irrigated,A-M,8-TP-Xf,0,0.031
932,Mallorca,Almond,Almond_Irrigated,Mallorca_Irrigated,A-M,8-TP-Xf,0,0.074
933,Mallorca,Almond,Almond_Irrigated,Mallorca_Irrigated,A-M,8-TP-Xf,0,0.062
934,Mallorca,Almond,Almond_Irrigated,Mallorca_Irrigated,A-M,8-TP-Xf,0,0.02
935,Mallorca,Almond,Almond_Irrigated,Mallorca_Irrigated,A-M,8-TP-Xf,0,0.066
936,Mallorca,Almond,Almond_Irrigated,Mallorca_Irrigated,A-M,8-TP-Xf,0,0.066
938,Mallorca,Almond,Almond_Irrigated,Mallorca_Irrigated,A-M,8-TP-Xf,0,0.014
939,Mallorca,Almond,Almond_Irrigated,Mallorca_Irrigated,A-M,8-TP-Xf,0,0.165
940,Mallorca,Almond,Almond_Irrigated,Mallorca_Irrigated,A-M,8-TP-Xf,0,0.05
941,Mallorca,Almond,Almond_Irrigated,Mallorca_Irrigated,A-M,8-TP-Xf,0,0.006
943,Mallorca,Almond,Almond_Irrigated,Mallorca_Irrigated,A-M,8-TP-Xf,0,0.061
945,Mallorca,Almond,Almond_Irrigated,Mallorca_Irrigated,A-M,8-TP-Xf,0,0.105
947,Mallorca,Almond,Almond_Irrigated,Mallorca_Irrigated,A-M,8-TP-Xf,0,0.042
1139,Mallorca,Almond,Almond_Irrigated,Mallorca_Irrigated,A-M,8-TP-Xf,0,0.054
1140,Mallorca,Almond,Almond_Irrigated,Mallorca_Irrigated,A-M,8-TP-Xf,0,0.057
1145,Mallorca,Almond,Almond_Irrigated,Mallorca_Irrigated,A-M,8-TP-Xf,0,0.037
1147,Mallorca,Almond,Almond_Irrigated,Mallorca_Irrigated,A-M,8-TP-Xf,0,0.012
1148,Mallorca,Almond,Almond_Irrigated,Mallorca_Irrigated,A-M,8-TP-Xf,0,0.027
1149,Mallorca,Almond,Almond_Irrigated,Mallorca_Irrigated,A-M,8-TP-Xf,0,0.054
1154,Mallorca,Almond,Almond_Irrigated,Mallorca_Irrigated,A-M,8-TP-Xf,0,0.057
1157,Mallorca,Almond,Almond_Irrigated,Mallorca_Irrigated,A-M,8-TP-Xf,0,0.044
1158,Mallorca,Almond,Almond_Irrigated,Mallorca_Irrigated,A-M,8-TP-Xf,0,0.038
1161,Mallorca,Almond,Almond_Irrigated,Mallorca_Irrigated,A-M,8-TP-Xf,0,0.037
1164,Mallorca,Almond,Almond_Irrigated,Mallorca_Irrigated,A-M,8-TP-Xf,0,0.086
1165,Mallorca,Almond,Almond_Irrigated,Mallorca_Irrigated,A-M,8-TP-Xf,0,0.022
1172,Mallorca,Almond,Almond_Irrigated,Mallorca_Irrigated,A-M,8-TP-Xf,0,0.066
1174,Mallorca,Almond,Almond_Irrigated,Mallorca_Irrigated,A-M,8-TP-Xf,0,0.013
1175,Mallorca,Almond,Almond_Irrigated,Mallorca_Irrigated,A-M,8-TP-Xf,0,0.093
1176,Mallorca,Almond,Almond_Irrigated,Mallorca_Irrigated,A-M,8-TP-Xf,0,0.041
1212,Mallorca,Almond,Almond_Irrigated,Mallorca_Irrigated,A-M,8-TP-Xf,0,0.197
1216,Mallorca,Almond,Almond_Irrigated,Mallorca_Irrigated,A-M,8-TP-Xf,0,0.128
1217,Mallorca,Almond,Almond_Irrigated,Mallorca_Irrigated,A-M,8-TP-Xf,0,0.154
1218,Mallorca,Almond,Almond_Irrigated,Mallorca_Irrigated,A-M,8-TP-Xf,0,0.238
1219,Mallorca,Almond,Almond_Irrigated,Mallorca_Irrigated,A-M,8-TP-Xf,0,0.037
1220,Mallorca,Almond,Almond_Irrigated,Mallorca_Irrigated,A-M,8-TP-Xf,0,0.057
1221,Mallorca,Almond,Almond_Irrigated,Mallorca_Irrigated,A-M,8-TP-Xf,0,0.127
1225,Mallorca,Almond,Almond_Irrigated,Mallorca_Irrigated,A-M,8-TP-Xf,0,0.193
1227,Mallorca,Almond,Almond_Irrigated,Mallorca_Irrigated,A-M,8-TP-Xf,0,0.163
1228,Mallorca,Almond,Almond_Irrigated,Mallorca_Irrigated,A-M,8-TP-Xf,0,0.017
1324,Mallorca,Almond,Almond_Irrigated,Mallorca_Irrigated,A-M,8-TP-Xf,0,0.114
1326,Mallorca,Almond,Almond_Irrigated,Mallorca_Irrigated,A-M,8-TP-Xf,0,0.097
1329,Mallorca,Almond,Almond_Irrigated,Mallorca_Irrigated,A-M,8-TP-Xf,0,0.01
1330,Mallorca,Almond,Almond_Irrigated,Mallorca_Irrigated,A-M,8-TP-Xf,0,0.128
1331,Mallorca,Almond,Almond_Irrigated,Mallorca_Irrigated,A-M,8-TP-Xf,0,0.051
1332,Mallorca,Almond,Almond_Irrigated,Mallorca_Irrigated,A-M,8-TP-Xf,0,0.024
1333,Mallorca,Almond,Almond_Irrigated,Mallorca_Irrigated,A-M,8-TP-Xf,0,0.033
1350,Mallorca,Almond,Almond_Irrigated,Mallorca_Irrigated,A-M,8-TP-Xf,0,0.001
1351,Mallorca,Almond,Almond_Irrigated,Mallorca_Irrigated,A-M,8-TP-Xf,0,0.033
1352,Mallorca,Almond,Almond_Irrigated,Mallorca_Irrigated,A-M,8-TP-Xf,0,0.007
1353,Mallorca,Almond,Almond_Irrigated,Mallorca_Irrigated,A-M,8-TP-Xf,0,0.017
1354,Mallorca,Almond,Almond_Irrigated,Mallorca_Irrigated,A-M,8-TP-Xf,0,0.061
1356,Mallorca,Almond,Almond_Irrigated,Mallorca_Irrigated,A-M,8-TP-Xf,0,0.013
1362,Mallorca,Almond,Almond_Irrigated,Mallorca_Irrigated,A-M,8-TP-Xf,0,0.026
1363,Mallorca,Almond,Almond_Irrigated,Mallorca_Irrigated,A-M,8-TP-Xf,0,0.044
1364,Mallorca,Almond,Almond_Irrigated,Mallorca_Irrigated,A-M,8-TP-Xf,0,0.167
1579,Mallorca,Almond,Almond_Irrigated,Mallorca_Irrigated,A-M,8-TP-Xf,0,0.052
1580,Mallorca,Almond,Almond_Irrigated,Mallorca_Irrigated,A-M,8-TP-Xf,0,0.069
1581,Mallorca,Almond,Almond_Irrigated,Mallorca_Irrigated,A-M,8-TP-Xf,0,0.015
1583,Mallorca,Almond,Almond_Irrigated,Mallorca_Irrigated,A-M,8-TP-Xf,0,0.059
1585,Mallorca,Almond,Almond_Irrigated,Mallorca_Irrigated,A-M,8-TP-Xf,0,0.059
1588,Mallorca,Almond,Almond_Irrigated,Mallorca_Irrigated,A-M,8-TP-Xf,0,0.024
1590,Mallorca,Almond,Almond_Irrigated,Mallorca_Irrigated,A-M,8-TP-Xf,0,0.125
1591,Mallorca,Almond,Almond_Irrigated,Mallorca_Irrigated,A-M,8-TP-Xf,0,0.032
1592,Mallorca,Almond,Almond_Irrigated,Mallorca_Irrigated,A-M,8-TP-Xf,0,0.044
1727,Mallorca,Almond,Almond_Irrigated,Mallorca_Irrigated,A-M,8-TP-Xf,0,0.013
1728,Mallorca,Almond,Almond_Irrigated,Mallorca_Irrigated,A-M,8-TP-Xf,0,0.143
1729,Mallorca,Almond,Almond_Irrigated,Mallorca_Irrigated,A-M,8-TP-Xf,0,0.058
1730,Mallorca,Almond,Almond_Irrigated,Mallorca_Irrigated,A-M,8-TP-Xf,0,0.081
1731,Mallorca,Almond,Almond_Irrigated,Mallorca_Irrigated,A-M,8-TP-Xf,0,0.021
1732,Mallorca,Almond,Almond_Irrigated,Mallorca_Irrigated,A-M,8-TP-Xf,0,0.003
1734,Mallorca,Almond,Almond_Irrigated,Mallorca_Irrigated,A-M,8-TP-Xf,0,0.025
1735,Mallorca,Almond,Almond_Irrigated,Mallorca_Irrigated,A-M,8-TP-Xf,0,0.028
1736,Mallorca,Almond,Almond_Irrigated,Mallorca_Irrigated,A-M,8-TP-Xf,0,0.061
1737,Mallorca,Almond,Almond_Irrigated,Mallorca_Irrigated,A-M,8-TP-Xf,0,0.005
1741,Mallorca,Almond,Almond_Irrigated,Mallorca_Irrigated,A-M,8-TP-Xf,0,0.189
1915,Mallorca,Almond,Almond_Irrigated,Mallorca_Irrigated,A-M,8-TP-Xf,0,0.041
1916,Mallorca,Almond,Almond_Irrigated,Mallorca_Irrigated,A-M,8-TP-Xf,0,0.028
1917,Mallorca,Almond,Almond_Irrigated,Mallorca_Irrigated,A-M,8-TP-Xf,0,0.039
1918,Mallorca,Almond,Almond_Irrigated,Mallorca_Irrigated,A-M,8-TP-Xf,0,0.004
1920,Mallorca,Almond,Almond_Irrigated,Mallorca_Irrigated,A-M,8-TP-Xf,0,0.062
1921,Mallorca,Almond,Almond_Irrigated,Mallorca_Irrigated,A-M,8-TP-Xf,0,0.018
1922,Mallorca,Almond,Almond_Irrigated,Mallorca_Irrigated,A-M,8-TP-Xf,0,0.054
1925,Mallorca,Almond,Almond_Irrigated,Mallorca_Irrigated,A-M,8-TP-Xf,0,0.061
1926,Mallorca,Almond,Almond_Irrigated,Mallorca_Irrigated,A-M,8-TP-Xf,0,0.042
1927,Mallorca,Almond,Almond_Irrigated,Mallorca_Irrigated,A-M,8-TP-Xf,0,0.026
1928,Mallorca,Almond,Almond_Irrigated,Mallorca_Irrigated,A-M,8-TP-Xf,0,0.073
1929,Mallorca,Almond,Almond_Irrigated,Mallorca_Irrigated,A-M,8-TP-Xf,0,0.026
1977,Mallorca,Almond,Almond_Irrigated,Mallorca_Irrigated,A-M,8-TP-Xf,0,0.091
1978,Mallorca,Almond,Almond_Irrigated,Mallorca_Irrigated,A-M,8-TP-Xf,0,0.083
1981,Mallorca,Almond,Almond_Irrigated,Mallorca_Irrigated,A-M,8-TP-Xf,0,0.031
1982,Mallorca,Almond,Almond_Irrigated,Mallorca_Irrigated,A-M,8-TP-Xf,0,0.136
1985,Mallorca,Almond,Almond_Irrigated,Mallorca_Irrigated,A-M,8-TP-Xf,0,0.08
1989,Mallorca,Almond,Almond_Irrigated,Mallorca_Irrigated,A-M,8-TP-Xf,0,0.115
2148,Mallorca,Almond,Almond_Irrigated,Mallorca_Irrigated,A-M,8-TP-Xf,0,0.211
2149,Mallorca,Almond,Almond_Irrigated,Mallorca_Irrigated,A-M,8-TP-Xf,0,0.176
2150,Mallorca,Almond,Almond_Irrigated,Mallorca_Irrigated,A-M,8-TP-Xf,0,0.09
2151,Mallorca,Almond,Almond_Irrigated,Mallorca_Irrigated,A-M,8-TP-Xf,0,0.017
2152,Mallorca,Almond,Almond_Irrigated,Mallorca_Irrigated,A-M,8-TP-Xf,0,0.238
2154,Mallorca,Almond,Almond_Irrigated,Mallorca_Irrigated,A-M,8-TP-Xf,0,0.081
2155,Mallorca,Almond,Almond_Irrigated,Mallorca_Irrigated,A-M,8-TP-Xf,0,0.246
2156,Mallorca,Almond,Almond_Irrigated,Mallorca_Irrigated,A-M,8-TP-Xf,0,0.252
2157,Mallorca,Almond,Almond_Irrigated,Mallorca_Irrigated,A-M,8-TP-Xf,0,0.08
2159,Mallorca,Almond,Almond_Irrigated,Mallorca_Irrigated,A-M,8-TP-Xf,0,0.104
2160,Mallorca,Almond,Almond_Irrigated,Mallorca_Irrigated,A-M,8-TP-Xf,0,0.12
2161,Mallorca,Almond,Almond_Irrigated,Mallorca_Irrigated,A-M,8-TP-Xf,0,0.156
2163,Mallorca,Almond,Almond_Irrigated,Mallorca_Irrigated,A-M,8-TP-Xf,0,0.166
2374,Mallorca,Almond,Almond_Irrigated,Mallorca_Irrigated,A-M,8-TP-Xf,0,0.135
2375,Mallorca,Almond,Almond_Irrigated,Mallorca_Irrigated,A-M,8-TP-Xf,0,0.12
2376,Mallorca,Almond,Almond_Irrigated,Mallorca_Irrigated,A-M,8-TP-Xf,0,0.006
2378,Mallorca,Almond,Almond_Irrigated,Mallorca_Irrigated,A-M,8-TP-Xf,0,0.114
2379,Mallorca,Almond,Almond_Irrigated,Mallorca_Irrigated,A-M,8-TP-Xf,0,0.222
2382,Mallorca,Almond,Almond_Irrigated,Mallorca_Irrigated,A-M,8-TP-Xf,0,0.055
2383,Mallorca,Almond,Almond_Irrigated,Mallorca_Irrigated,A-M,8-TP-Xf,0,0.071
2384,Mallorca,Almond,Almond_Irrigated,Mallorca_Irrigated,A-M,8-TP-Xf,0,0.166
2385,Mallorca,Almond,Almond_Irrigated,Mallorca_Irrigated,A-M,8-TP-Xf,0,0.026
2386,Mallorca,Almond,Almond_Irrigated,Mallorca_Irrigated,A-M,8-TP-Xf,0,0.05
2387,Mallorca,Almond,Almond_Irrigated,Mallorca_Irrigated,A-M,8-TP-Xf,0,0.032
2388,Mallorca,Almond,Almond_Irrigated,Mallorca_Irrigated,A-M,8-TP-Xf,0,0.066
2389,Mallorca,Almond,Almond_Irrigated,Mallorca_Irrigated,A-M,8-TP-Xf,0,0.135
2390,Mallorca,Almond,Almond_Irrigated,Mallorca_Irrigated,A-M,8-TP-Xf,0,0.201
2434,Mallorca,Almond,Almond_Irrigated,Mallorca_Irrigated,A-M,8-TP-Xf,0,0.04
2435,Mallorca,Almond,Almond_Irrigated,Mallorca_Irrigated,A-M,8-TP-Xf,0,0.264
2436,Mallorca,Almond,Almond_Irrigated,Mallorca_Irrigated,A-M,8-TP-Xf,0,0.326
2437,Mallorca,Almond,Almond_Irrigated,Mallorca_Irrigated,A-M,8-TP-Xf,0,0.13
2440,Mallorca,Almond,Almond_Irrigated,Mallorca_Irrigated,A-M,8-TP-Xf,0,0.066
2442,Mallorca,Almond,Almond_Irrigated,Mallorca_Irrigated,A-M,8-TP-Xf,0,0.088
2444,Mallorca,Almond,Almond_Irrigated,Mallorca_Irrigated,A-M,8-TP-Xf,0,0.076
2445,Mallorca,Almond,Almond_Irrigated,Mallorca_Irrigated,A-M,8-TP-Xf,0,0.155
2461,Mallorca,Almond,Almond_Irrigated,Mallorca_Irrigated,A-M,8-TP-Xf,0,0.104
2462,Mallorca,Almond,Almond_Irrigated,Mallorca_Irrigated,A-M,8-TP-Xf,0,0.017
2463,Mallorca,Almond,Almond_Irrigated,Mallorca_Irrigated,A-M,8-TP-Xf,0,0.054
2465,Mallorca,Almond,Almond_Irrigated,Mallorca_Irrigated,A-M,8-TP-Xf,0,0.001
2467,Mallorca,Almond,Almond_Irrigated,Mallorca_Irrigated,A-M,8-TP-Xf,0,0.074
2475,Mallorca,Almond,Almond_Irrigated,Mallorca_Irrigated,A-M,8-TP-Xf,0,0.021